tailnum;year
N050AA;
N051AA;
N052AA;
N054AA;
N055AA;
N056AA;
N057AA;
N058AA;
N059AA;
N060AA;
N061AA;
N062AA;
N063AA;
N064AA;
N065AA;
N066AA;
N067AA;
N068AA;
N069AA;
N070AA;
N071AA;
N072AA;
N073AA;
N074AA;
N075AA;
N076AA;
N077AA;
N078AA;
N079AA;
N080AA;
N081AA;
N082AA;
N083AA;
N084AA;
N12528;
N14558;
N15555;
N15574;
N16617;
N17358;
N174US;
N17614;
N177US;
N181UW;
N18557;
N193UW;
N194UW;
N195UW;
N200AA;
N201FR;
N211NE;
N218AE;
N219AE;
N235SW;
N23657;
N238AE;
N238JB;
N238MQ;
N240DS;
N240MQ;
N250AE;
N250MQ;
N253AA;
N253AE;
N253MQ;
N263AE;
N263MQ;
N266AE;
N271AY;
N271LV;
N273AE;
N273MQ;
N27421;
N284JB;
N286AE;
N289JB;
N289WN;
N292JB;
N293WN;
N294JB;
N298AE;
N298MQ;
N298WN;
N299WN;
N2AEMQ;
N301AE;
N301DQ;
N302DQ;
N303DQ;
N304DQ;
N307AE;
N307MQ;
N313AE;
N313MQ;
N317AE;
N317MQ;
N320AE;
N320SW;
N321SW;
N323AA;
N323AE;
N323MQ;
N324AE;
N324MQ;
N328AT;
N329AE;
N331NB;
N33292;
N33637;
N340RC;
N342AA;
N345NB;
N346AA;
N347AA;
N348AA;
N349AA;
N34CA;
N356AA;
N364AA;
N367AA;
N3739;
N3739P;
N37413;
N37420;
N37422;
N37427;
N374CA;
N377AA;
N380AA;
N381DA;
N381DN;
N382AA;
N38424;
N384AE;
N385AA;
N387AA;
N392AA;
N393AA;
N39423;
N394AE;
N396AA;
N397AA;
N398AA;
N399AA;
N3AAAA;
N3ABAA;
N3ACAA;
N3ADAA;
N3AEAA;
N3AFAA;
N3AGAA;
N3AHAA;
N3AJAA;
N3AKAA;
N3ALAA;
N3AMAA;
N3ANAA;
N3APAA;
N3ARAA;
N3ASAA;
N3ATAA;
N3AUAA;
N3AVAA;
N3AWAA;
N3AXAA;
N3AYAA;
N3BAAA;
N3BBAA;
N3BCAA;
N3BDAA;
N3BEAA;
N3BFAA;
N3BGAA;
N3BHAA;
N3BJAA;
N3BKAA;
N3BLAA;
N3BMAA;
N3BNAA;
N3BPAA;
N3BRAA;
N3BSAA;
N3BTAA;
N3BUAA;
N3BVAA;
N3BWAA;
N3BXAA;
N3BYAA;
N3CAAA;
N3CBAA;
N3CCAA;
N3CDAA;
N3CEAA;
N3CFAA;
N3CGAA;
N3CHAA;
N3CJAA;
N3CKAA;
N3CLAA;
N3CMAA;
N3CNAA;
N3CPAA;
N3CRAA;
N3CSAA;
N3CTAA;
N3CUAA;
N3CVAA;
N3CWAA;
N3CXAA;
N3CYAA;
N3DAAA;
N3DBAA;
N3DCAA;
N3DDAA;
N3DEAA;
N3DFAA;
N3DGAA;
N3DHAA;
N3DJAA;
N3DKAA;
N3DLAA;
N401AA;
N403AA;
N404AA;
N406AA;
N414AA;
N417SW;
N437YV;
N443SW;
N446CA;
N456YV;
N465AA;
N466UA;
N468CA;
N47414;
N483AA;
N483HA;
N4UBAA;
N4UCAA;
N4WAAA;
N4WBAA;
N4WDAA;
N4WJAA;
N4WKAA;
N4WLAA;
N4WMAA;
N4WNAA;
N4WPAA;
N4WRAA;
N4WSAA;
N4WTAA;
N4WUAA;
N4WVAA;
N4WWAA;
N4WXAA;
N4WYAA;
N4XAAA;
N4XBAA;
N4XCAA;
N4XDAA;
N4XEAA;
N4XFAA;
N4XGAA;
N4XHAA;
N4XJAA;
N4XKAA;
N4XLAA;
N4XMAA;
N4XNAA;
N4XPAA;
N4XRAA;
N4XSAA;
N4XTAA;
N4XUAA;
N4XVAA;
N4XWAA;
N4XXAA;
N4XYAA;
N4YAAA;
N4YBAA;
N4YCAA;
N4YDAA;
N4YEAA;
N4YFAA;
N4YGAA;
N4YHAA;
N4YJAA;
N4YKAA;
N4YLAA;
N4YMAA;
N4YNAA;
N4YPAA;
N4YRAA;
N4YSAA;
N4YTAA;
N4YUAA;
N500MQ;
N501MQ;
N502AA;
N502MQ;
N503AA;
N503MQ;
N504AA;
N504AE;
N504MQ;
N505MQ;
N506AA;
N506AS;
N506MQ;
N507MQ;
N508AS;
N508MQ;
N509AA;
N509MQ;
N510MQ;
N511AA;
N511MQ;
N512AA;
N512AE;
N512AS;
N512MQ;
N513AS;
N513MQ;
N514AA;
N514AS;
N514AU;
N514MQ;
N515AA;
N515MQ;
N516AA;
N516MQ;
N517AA;
N517MQ;
N518AA;
N518MQ;
N519MQ;
N520AA;
N520MQ;
N521AA;
N521MQ;
N522AA;
N522MQ;
N523MQ;
N524AA;
N524MQ;
N526AA;
N527AA;
N528AA;
N529AA;
N530AA;
N531AA;
N532AA;
N533AA;
N534AA;
N535AA;
N536AA;
N537AA;
N537JB;
N538AA;
N539AA;
N539US;
N540AA;
N542AA;
N543AA;
N543JB;
N543UA;
N546AA;
N548AA;
N549AA;
N550NW;
N553JB;
N555AA;
N560AA;
N577US;
N583HA;
N584HA;
N584JB;
N585HA;
N586HA;
N587AS;
N590AS;
N591ML;
N592ML;
N593ML;
N596AS;
N597AS;
N5BRAA;
N5BSAA;
N5BTAA;
N5BUAA;
N5BVAA;
N5BWAA;
N5BYAA;
N5CAAA;
N5CBAA;
N5CCAA;
N5CDAA;
N5CEAA;
N5CFAA;
N5CGAA;
N5CHAA;
N5CJAA;
N5CKAA;
N5CLAA;
N5CMAA;
N5CNAA;
N5CPAA;
N5CRAA;
N5CSAA;
N5CTAA;
N5CUAA;
N5CVAA;
N5CWAA;
N5CXAA;
N5CYAA;
N5DAAA;
N5DBAA;
N5DCAA;
N5DDAA;
N5DEAA;
N5DFAA;
N5DGAA;
N5DHAA;
N5DJAA;
N5DKAA;
N5DLAA;
N5DMAA;
N5DNAA;
N5DPAA;
N5DRAA;
N5DSAA;
N5DTAA;
N5DUAA;
N5DVAA;
N5DWAA;
N5DXAA;
N5DYAA;
N5EAAA;
N5EBAA;
N5ECAA;
N5EDAA;
N5EEAA;
N5EFAA;
N5EGAA;
N5EHAA;
N5EJAA;
N5EKAA;
N5ELAA;
N5EMAA;
N5ENAA;
N5EPAA;
N5ERAA;
N5ESAA;
N5ETAA;
N5EUAA;
N5EVAA;
N5EWAA;
N5EXAA;
N5EYAA;
N5FAAA;
N5FBAA;
N5FCAA;
N5FDAA;
N5FEAA;
N5FFAA;
N5FGAA;
N5FHAA;
N5FJAA;
N5FKAA;
N5FLAA;
N5FMAA;
N5FNAA;
N5FPAA;
N5FRAA;
N5FSAA;
N5FTAA;
N602AW;
N603NW;
N605NW;
N607DL;
N610MQ;
N611MQ;
N611NA;
N612MQ;
N613MQ;
N614MQ;
N615MQ;
N616MQ;
N617AA;
N617MQ;
N618MQ;
N619MQ;
N620AE;
N620MQ;
N621AE;
N621MQ;
N622MQ;
N623MQ;
N624MQ;
N625MQ;
N626MQ;
N627MQ;
N628MQ;
N629MQ;
N630AS;
N630MQ;
N631AS;
N631MQ;
N632AS;
N632MQ;
N633AS;
N633MQ;
N634AS;
N634MQ;
N635AS;
N635MQ;
N636AA;
N636AS;
N636MQ;
N637AA;
N637AS;
N637MQ;
N638MQ;
N639MQ;
N640AA;
N640MQ;
N641MQ;
N642MQ;
N643MQ;
N644MQ;
N645MQ;
N646MQ;
N647MQ;
N648AS;
N648MQ;
N649MQ;
N650MQ;
N651ML;
N651MQ;
N652MQ;
N653MQ;
N654MQ;
N655CA;
N655MQ;
N656MQ;
N657MQ;
N658MQ;
N659MQ;
N660MQ;
N661MQ;
N662MQ;
N663MQ;
N664MQ;
N665MQ;
N667MQ;
N668MQ;
N669MQ;
N670MQ;
N670UA;
N671MQ;
N672MQ;
N673AW;
N673MQ;
N674MQ;
N675MQ;
N676MQ;
N677MQ;
N678MQ;
N679MQ;
N680MQ;
N681MQ;
N682MQ;
N683MQ;
N684MQ;
N685MQ;
N686MQ;
N687MQ;
N688MQ;
N689MQ;
N690CA;
N690MQ;
N691MQ;
N692MQ;
N693MQ;
N694DA;
N694DL;
N694MQ;
N695DA;
N695DL;
N695MQ;
N696DL;
N696MQ;
N697MQ;
N698BR;
N698MQ;
N699MQ;
N700MQ;
N701MQ;
N702MQ;
N703MQ;
N704MQ;
N705MQ;
N705UW;
N706MQ;
N707MQ;
N708JB;
N708MQ;
N708SW;
N709JB;
N709MQ;
N710MQ;
N711MQ;
N712AE;
N712JB;
N712MQ;
N713AE;
N713MQ;
N715JB;
N715MQ;
N716MQ;
N717AE;
N717MQ;
N718AE;
N718MQ;
N719MQ;
N720MQ;
N721MQ;
N722MQ;
N723MQ;
N723TW;
N724MQ;
N725MQ;
N727TW;
N728MQ;
N729JB;
N730MQ;
N73278;
N733MQ;
N738MQ;
N746JB;
N752EV;
N75425;
N75426;
N755EV;
N75987;
N75991;
N761EV;
N761ND;
N76503;
N76505;
N76514;
N76515;
N76516;
N76517;
N767SW;
N77510;
N783CA;
N78511;
N799SW;
N7AAAA;
N7ABAA;
N7ACAA;
N7ADAA;
N7AEAA;
N7AFAA;
N7AGAA;
N7AHAA;
N7AJAA;
N7AKAA;
N7ALAA;
N7AMAA;
N7ANAA;
N7APAA;
N7ARAA;
N7ASAA;
N7ATAA;
N7AUAA;
N7AVAA;
N7AWAA;
N7AXAA;
N7AYAA;
N7BAAA;
N7BBAA;
N7BCAA;
N7BDAA;
N7BEAA;
N7BFAA;
N7BGAA;
N7BHAA;
N7BJAA;
N7BKAA;
N7BLAA;
N7BMAA;
N7BNAA;
N7BPAA;
N7BRAA;
N7BSAA;
N7BTAA;
N7BUAA;
N7BVAA;
N7BWAA;
N7BXAA;
N7BYAA;
N7CAAA;
N7CBAA;
N7CCAA;
N80009E;
N80019E;
N80059E;
N800MQ;
N80129E;
N80139E;
N80199E;
N801MQ;
N80209E;
N80219E;
N80239E;
N80249E;
N80259E;
N80269E;
N80279E;
N80299E;
N802MQ;
N802UA;
N80309E;
N80319E;
N80329E;
N80339E;
N80349E;
N80359E;
N80369E;
N80399E;
N803MQ;
N803UA;
N80409E;
N80419E;
N804MQ;
N805MQ;
N806CA;
N806MQ;
N807MQ;
N808AL;
N808MQ;
N809MQ;
N810MQ;
N811MQ;
N812MQ;
N813MQ;
N813NW;
N814MQ;
N815MQ;
N816MQ;
N817MQ;
N818MQ;
N819MQ;
N820MQ;
N821MQ;
N822MQ;
N823MQ;
N824MQ;
N825MQ;
N826AW;
N826MQ;
N827MQ;
N828AW;
N828MQ;
N829AW;
N829MQ;
N830AW;
N830MQ;
N831MQ;
N832MQ;
N833MQ;
N834AW;
N834MQ;
N835AW;
N835MQ;
N836MQ;
N837MQ;
N838MQ;
N83909E;
N839MQ;
N84099E;
N840MQ;
N84129E;
N84169E;
N841MQ;
N84239E;
N842MQ;
N84329E;
N843MQ;
N84449E;
N844MQ;
N84589E;
N845MQ;
N846AS;
N846MQ;
N84759E;
N84779E;
N847MQ;
N84889E;
N848MQ;
N84929E;
N84959E;
N849MQ;
N85019E;
N85059E;
N85069E;
N850MQ;
N85159E;
N85169E;
N851AE;
N851MQ;
N85249E;
N85259E;
N852AS;
N852MQ;
N85329E;
N85339E;
N853MQ;
N85419E;
N85439E;
N854MQ;
N85549E;
N855MQ;
N85609E;
N856MQ;
N85779E;
N857MQ;
N85809E;
N85879E;
N85889E;
N858MQ;
N85989E;
N86049E;
N86119E;
N86239E;
N86319E;
N86469E;
N86599E;
N86659E;
N86729E;
N86739E;
N86749E;
N86839E;
N86889E;
N86949E;
N86969E;
N86989E;
N87099E;
N87109E;
N87189E;
N87219E;
N87339E;
N87369E;
N87459E;
N87479E;
N87507;
N87512;
N87513;
N87519E;
N87589E;
N87719E;
N87759E;
N87839E;
N87909E;
N87949E;
N87979E;
N88009E;
N88089E;
N88289E;
N88369E;
N88379E;
N88399E;
N88479E;
N88559E;
N88699E;
N88779E;
N88839E;
N88849E;
N88869E;
N88889E;
N88919E;
N88949E;
N88969E;
N89039E;
N89059E;
N89079E;
N89089E;
N89139E;
N89149E;
N89189E;
N89219E;
N89239E;
N89249E;
N89289E;
N89309E;
N89329E;
N89339E;
N89369E;
N89389E;
N89409E;
N89429E;
N89439E;
N89449E;
N89609E;
N89649E;
N89659E;
N89689E;
N89699E;
N89709E;
N89719E;
N89729E;
N89749E;
N89769E;
N89779E;
N89809E;
N89829E;
N89869E;
N900MQ;
N902AE;
N902MQ;
N903WN;
N904AE;
N904WN;
N905FJ;
N905MQ;
N905WN;
N906EV;
N906MQ;
N906WN;
N907EV;
N907MQ;
N907WN;
N908MQ;
N909MQ;
N91469E;
N91479E;
N91539E;
N915FJ;
N915SW;
N91619E;
N91629E;
N91669E;
N9169E;
N91709E;
N91769E;
N917SW;
N917WN;
N918MQ;
N918SW;
N918WN;
N919WN;
N920WN;
N921WN;
N9222N;
N922MQ;
N923MQ;
N923WN;
N924WN;
N925MQ;
N925US;
N925WN;
N926WN;
N927AT;
N927WN;
N928MQ;
N928WN;
N929WN;
N930EV;
N931MQ;
N932MQ;
N9331;
N9336;
N9337;
N933MQ;
N935MQ;
N938AT;
N939AT;
N939MQ;
N940FR;
N941MQ;
N942AE;
N942MQ;
N943AS;
N945UW;
N957UW;
N958UW;
N959UW;
N960UW;
N961UW;
N962UW;
N963UW;
N964UW;
N965UW;
N966UW;
N967UW;
N968UW;
N983AT;
N986CA;
N991AT;
N9149E;1946
N381AA;1956
N3744D;1957
N201AA;1959
N567AA;1959
N421AA;1962
N378AA;1963
N575AA;1963
N550AA;1964
N14629;1965
N972CA;1966
N271WN;1967
N3324L;1967
N602NW;1967
N615AA;1967
N750NW;1967
N8920E;1967
N8921E;1967
N8923E;1967
N8925E;1967
N8926E;1967
N8928E;1967
N8929E;1967
N8932E;1967
N8933E;1967
N915RW;1967
N916RW;1967
N1309T;1968
N425AA;1968
N523AA;1968
N606NW;1968
N608NW;1968
N751NW;1968
N752NW;1968
N753NW;1968
N754NW;1968
N755NW;1968
N756NW;1968
N758NW;1968
N759NW;1968
N760NW;1968
N8938E;1968
N8944E;1968
N8945E;1968
N8960E;1968
N8978E;1968
N921RW;1968
N923RW;1968
N924RW;1968
N9332;1968
N9333;1968
N1332U;1969
N1799U;1969
N610NW;1969
N613NW;1969
N762NW;1969
N763NW;1969
N8986E;1969
N9338;1969
N9339;1969
N9343;1969
N9346;1969
N984US;1969
N1334U;1970
N926NW;1970
N987US;1971
N383AA;1972
N444AA;1973
N940N;1973
N967N;1973
N375AA;1974
N474AA;1974
N293;1975
N401EA;1975
N402AA;1975
N405AA;1975
N508AA;1975
N621AA;1975
N675MC;1975
N676MC;1975
N943N;1975
N945N;1975
N545AA;1976
N670MC;1976
N671MC;1976
N760NC;1976
N761NC;1976
N762NC;1976
N764NC;1976
N765NC;1976
N677MC;1977
N766NC;1977
N767NC;1977
N768NC;1977
N9159E;1977
N9179E;1977
N376AA;1978
N769NC;1978
N770NC;1978
N771NC;1978
N772NC;1978
N773NC;1978
N774NC;1978
N835AL;1978
N343AA;1979
N519AA;1979
N600TR;1979
N775NC;1979
N776NC;1979
N777NC;1979
N778NC;1979
N779NC;1979
N780NC;1979
N781NC;1979
N783NC;1979
N202AA;1980
N350AA;1980
N525AA;1980
N782NC;1980
N784NC;1980
N785NC;1980
N786NC;1980
N787NC;1980
N510AA;1982
N541AA;1982
N916UW;1982
N917UW;1982
N918UW;1982
N919UW;1982
N207AA;1983
N208AA;1983
N214AA;1983
N218AA;1983
N219AA;1983
N223AA;1983
N227AA;1983
N232AA;1983
N233AA;1983
N234AA;1983
N824AL;1983
N826AL;1983
N920UW;1983
N921UW;1983
N922UW;1983
N923UW;1983
N924UW;1983
N925UW;1983
N236AA;1984
N237AA;1984
N241AA;1984
N242AA;1984
N244AA;1984
N245AA;1984
N246AA;1984
N248AA;1984
N249AA;1984
N251AA;1984
N255AA;1984
N274AA;1984
N300SW;1984
N301SW;1984
N302SW;1984
N602DL;1984
N603DL;1984
N604DL;1984
N605DL;1984
N750AT;1984
N751AT;1984
N752AT;1984
N757AT;1984
N841AL;1984
N913AW;1984
N914AW;1984
N915AW;1984
N12313;1985
N14308;1985
N16301;1985
N16310;1985
N258AA;1985
N259AA;1985
N262AA;1985
N266AA;1985
N271AA;1985
N278AA;1985
N279AA;1985
N283AA;1985
N287AA;1985
N289AA;1985
N290AA;1985
N291AA;1985
N292AA;1985
N293AA;1985
N297AA;1985
N298AA;1985
N303SW;1985
N304SW;1985
N305SW;1985
N306SW;1985
N307SW;1985
N309SW;1985
N310SW;1985
N319AA;1985
N320AA;1985
N400AA;1985
N501US;1985
N502US;1985
N503US;1985
N505US;1985
N506US;1985
N507US;1985
N508US;1985
N509US;1985
N511US;1985
N512US;1985
N513US;1985
N547AA;1985
N551AA;1985
N59302;1985
N601DL;1985
N606DL;1985
N608DA;1985
N609DL;1985
N610DL;1985
N611AA;1985
N611DL;1985
N612DL;1985
N61304;1985
N613DL;1985
N614DL;1985
N63305;1985
N657SW;1985
N658SW;1985
N659SW;1985
N660SW;1985
N661SW;1985
N662SW;1985
N663SW;1985
N667SW;1985
N673AA;1985
N674AA;1985
N675AA;1985
N677AA;1985
N686SW;1985
N688SW;1985
N689SW;1985
N692SW;1985
N69311;1985
N693SW;1985
N694SW;1985
N77303;1985
N823AL;1985
N828AL;1985
N836AL;1985
N837AL;1985
N843AL;1985
N901AW;1985
N902AW;1985
N903AW;1985
N10323;1986
N12318;1986
N12319;1986
N12322;1986
N12327;1986
N14320;1986
N14324;1986
N14325;1986
N14334;1986
N14335;1986
N164AW;1986
N166AW;1986
N168AW;1986
N17321;1986
N17326;1986
N17328;1986
N17329;1986
N301UA;1986
N302UA;1986
N303UA;1986
N308SA;1986
N311SW;1986
N312SW;1986
N313SW;1986
N314SW;1986
N315SW;1986
N316SW;1986
N318SW;1986
N321AA;1986
N322AA;1986
N324AA;1986
N325AA;1986
N327AA;1986
N328AA;1986
N407AA;1986
N408AA;1986
N409AA;1986
N410AA;1986
N411AA;1986
N412AA;1986
N413AA;1986
N415AA;1986
N416AA;1986
N417AA;1986
N418AA;1986
N419AA;1986
N420AA;1986
N422AA;1986
N423AA;1986
N424AA;1986
N426AA;1986
N427AA;1986
N428AA;1986
N429AA;1986
N430AA;1986
N431AA;1986
N47332;1986
N514US;1986
N515US;1986
N516US;1986
N517US;1986
N518US;1986
N519US;1986
N520US;1986
N521US;1986
N594HA;1986
N596HA;1986
N597HA;1986
N598HA;1986
N615DL;1986
N616DL;1986
N617DL;1986
N618DL;1986
N619DL;1986
N621DL;1986
N622DL;1986
N664WN;1986
N665WN;1986
N672SW;1986
N678AA;1986
N679AA;1986
N680AA;1986
N682SW;1986
N685SW;1986
N687SW;1986
N69333;1986
N695SW;1986
N698SW;1986
N70330;1986
N904AW;1986
N905AW;1986
N906AW;1986
N121DE;1987
N12349;1987
N124DE;1987
N14336;1987
N14337;1987
N14341;1987
N14342;1987
N14346;1987
N14347;1987
N154AW;1987
N155AW;1987
N156AW;1987
N157AW;1987
N158AW;1987
N16339;1987
N17344;1987
N17345;1987
N175AW;1987
N18350;1987
N245AY;1987
N246AY;1987
N249AU;1987
N304UA;1987
N305UA;1987
N306UA;1987
N307UA;1987
N308UA;1987
N309UA;1987
N310UA;1987
N311UA;1987
N312UA;1987
N313AW;1987
N313UA;1987
N314AW;1987
N314UA;1987
N315AW;1987
N315UA;1987
N316AW;1987
N322SW;1987
N323SW;1987
N324SW;1987
N325SW;1987
N326SW;1987
N327SW;1987
N329AA;1987
N332AA;1987
N332AW;1987
N334AW;1987
N335AA;1987
N336AA;1987
N338AA;1987
N340LV;1987
N345SA;1987
N39343;1987
N432AA;1987
N433AA;1987
N434AA;1987
N435AA;1987
N436AA;1987
N437AA;1987
N438AA;1987
N439AA;1987
N440AA;1987
N441AA;1987
N442AA;1987
N443AA;1987
N445AA;1987
N446AA;1987
N447AA;1987
N448AA;1987
N449AA;1987
N450AA;1987
N451AA;1987
N454AA;1987
N504AU;1987
N504US;1987
N505AU;1987
N506AU;1987
N511AU;1987
N512AU;1987
N516AU;1987
N517AU;1987
N518AU;1987
N522US;1987
N523US;1987
N525US;1987
N526US;1987
N527US;1987
N528US;1987
N529US;1987
N562AA;1987
N563AA;1987
N564AA;1987
N565AA;1987
N566AA;1987
N568AA;1987
N569AA;1987
N570AA;1987
N571AA;1987
N572AA;1987
N574US;1987
N59338;1987
N623DL;1987
N624DL;1987
N625DL;1987
N626DL;1987
N627DL;1987
N628DL;1987
N629DL;1987
N630DL;1987
N631DL;1987
N632DL;1987
N633DL;1987
N669SW;1987
N69348;1987
N69351;1987
N699SW;1987
N70352;1987
N70353;1987
N76354;1987
N76355;1987
N805LR;1987
N904DL;1987
N905DL;1987
N906DL;1987
N907DL;1987
N908DL;1987
N909DL;1987
N910DL;1987
N911DL;1987
N912DL;1987
N125DL;1988
N126DL;1988
N127DL;1988
N128DL;1988
N129DL;1988
N130DL;1988
N14358;1988
N160AW;1988
N17356;1988
N19357;1988
N248AY;1988
N250AY;1988
N302AW;1988
N303AW;1988
N305AW;1988
N317WN;1988
N318UA;1988
N325UA;1988
N326UA;1988
N327UA;1988
N328SW;1988
N328UA;1988
N329SW;1988
N329UA;1988
N330SW;1988
N330UA;1988
N331SW;1988
N331UA;1988
N332SW;1988
N332UA;1988
N333SW;1988
N333UA;1988
N334SW;1988
N334UA;1988
N335SW;1988
N335UA;1988
N336SW;1988
N336UA;1988
N337SW;1988
N337UA;1988
N338SW;1988
N338UA;1988
N339AA;1988
N339SW;1988
N339UA;1988
N340UA;1988
N341SW;1988
N341UA;1988
N342UA;1988
N346UA;1988
N347UA;1988
N348UA;1988
N349UA;1988
N351AA;1988
N352AA;1988
N353AA;1988
N354AA;1988
N355AA;1988
N357AA;1988
N358AA;1988
N359AA;1988
N360AA;1988
N361AA;1988
N362AA;1988
N363AA;1988
N406US;1988
N409US;1988
N452AA;1988
N453AA;1988
N455AA;1988
N456AA;1988
N457AA;1988
N458AA;1988
N459AA;1988
N460AA;1988
N461AA;1988
N462AA;1988
N463AA;1988
N464AA;1988
N466AA;1988
N467AA;1988
N468AA;1988
N469AA;1988
N470AA;1988
N471AA;1988
N472AA;1988
N473AA;1988
N475AA;1988
N476AA;1988
N477AA;1988
N478AA;1988
N479AA;1988
N480AA;1988
N481AA;1988
N482AA;1988
N484AA;1988
N485AA;1988
N486AA;1988
N487AA;1988
N488AA;1988
N526AU;1988
N527AU;1988
N530US;1988
N531US;1988
N532US;1988
N533US;1988
N534US;1988
N588US;1988
N589US;1988
N590US;1988
N591US;1988
N634DL;1988
N635DL;1988
N636DL;1988
N637DL;1988
N638DL;1988
N639DL;1988
N640DL;1988
N641DL;1988
N642DL;1988
N670SW;1988
N671SW;1988
N683SW;1988
N684WN;1988
N690SW;1988
N691WN;1988
N697SW;1988
N708SA;1988
N810AL;1988
N913DL;1988
N914DL;1988
N915DL;1988
N916DL;1988
N917DL;1988
N918DL;1988
N919DL;1988
N920DL;1988
N921DL;1988
N922DL;1988
N923DL;1988
N924DL;1988
N925DL;1988
N926DL;1988
N927DA;1988
N928DL;1988
N929DL;1988
N930DL;1988
N931DL;1988
N173UA;1989
N301US;1989
N303US;1989
N304US;1989
N305US;1989
N342SW;1989
N343SW;1989
N344SW;1989
N346SW;1989
N347SW;1989
N348SW;1989
N349SW;1989
N350SW;1989
N350UA;1989
N351SW;1989
N351UA;1989
N364UA;1989
N365UA;1989
N366UA;1989
N367UA;1989
N369UA;1989
N370UA;1989
N371UA;1989
N372UA;1989
N373UA;1989
N374UA;1989
N375UA;1989
N404US;1989
N405US;1989
N417US;1989
N418US;1989
N419US;1989
N420US;1989
N421US;1989
N422US;1989
N423US;1989
N424US;1989
N425US;1989
N426US;1989
N427US;1989
N430US;1989
N489AA;1989
N490AA;1989
N491AA;1989
N492AA;1989
N493AA;1989
N494AA;1989
N495AA;1989
N496AA;1989
N497AA;1989
N498AA;1989
N499AA;1989
N501AA;1989
N501UA;1989
N502UA;1989
N503UA;1989
N504UA;1989
N505AA;1989
N505UA;1989
N529AU;1989
N530AU;1989
N531AU;1989
N532AU;1989
N533AU;1989
N610AA;1989
N612AA;1989
N613AA;1989
N614AA;1989
N616AA;1989
N618AA;1989
N620AW;1989
N621AW;1989
N622AW;1989
N624AW;1989
N625AW;1989
N626AW;1989
N627AW;1989
N628AW;1989
N632AW;1989
N633AW;1989
N643DL;1989
N644DL;1989
N645DL;1989
N646DL;1989
N647DL;1989
N648DL;1989
N649DL;1989
N650DL;1989
N651DL;1989
N652DL;1989
N908AW;1989
N909AW;1989
N910AW;1989
N932DL;1989
N933DL;1989
N934DL;1989
N935DL;1989
N936DL;1989
N937DL;1989
N938DL;1989
N939DL;1989
N940DL;1989
N941DL;1989
N942DL;1989
N943DL;1989
N944DL;1989
N945DL;1989
N946DL;1989
N947DL;1989
N948DL;1989
N131DN;1990
N1501P;1990
N152DL;1990
N153DL;1990
N171DN;1990
N172DN;1990
N173DN;1990
N174DN;1990
N174UA;1990
N175DN;1990
N175UA;1990
N176DN;1990
N177UA;1990
N178UA;1990
N202UA;1990
N203UA;1990
N251AY;1990
N252AU;1990
N253AY;1990
N306AW;1990
N307AW;1990
N308AW;1990
N309AW;1990
N309US;1990
N310NW;1990
N311AW;1990
N311US;1990
N312US;1990
N313US;1990
N352SW;1990
N353SW;1990
N376UA;1990
N377UA;1990
N378UA;1990
N379UA;1990
N381UA;1990
N382UA;1990
N383UA;1990
N385UA;1990
N386UA;1990
N398UA;1990
N399UA;1990
N432US;1990
N433US;1990
N434US;1990
N435US;1990
N438US;1990
N439US;1990
N440US;1990
N441US;1990
N442US;1990
N443US;1990
N444US;1990
N445US;1990
N449US;1990
N450UW;1990
N451UW;1990
N501SW;1990
N502SW;1990
N503SW;1990
N504SW;1990
N505SW;1990
N506SW;1990
N506UA;1990
N507SW;1990
N507UA;1990
N508SW;1990
N508UA;1990
N509SW;1990
N509UA;1990
N510SW;1990
N510UA;1990
N511UA;1990
N512UA;1990
N513AA;1990
N513UA;1990
N514UA;1990
N515UA;1990
N516UA;1990
N517UA;1990
N518UA;1990
N519UA;1990
N520UA;1990
N521UA;1990
N522UA;1990
N523UA;1990
N524UA;1990
N619AA;1990
N620AA;1990
N622AA;1990
N623AA;1990
N624AA;1990
N625AA;1990
N626AA;1990
N627AA;1990
N628AA;1990
N629AA;1990
N629AW;1990
N630AA;1990
N631AA;1990
N631AW;1990
N632AA;1990
N633AA;1990
N634AA;1990
N634AW;1990
N635AA;1990
N636AW;1990
N637AW;1990
N653DL;1990
N654DL;1990
N655DL;1990
N656DL;1990
N657DL;1990
N658DL;1990
N659DL;1990
N660DL;1990
N661DN;1990
N786AS;1990
N902UA;1990
N903UA;1990
N904UA;1990
N944AS;1990
N948AS;1990
N949DL;1990
N950DL;1990
N951DL;1990
N952DL;1990
N953DL;1990
N954DL;1990
N955DL;1990
N956DL;1990
N957DL;1990
N958DL;1990
N959DL;1990
N960DL;1990
N961DL;1990
N962DL;1990
N963DL;1990
N964DL;1990
N965DL;1990
N966DL;1990
N967DL;1990
N968DL;1990
N969DL;1990
N970DL;1990
N132DN;1991
N133DN;1991
N134DL;1991
N135DL;1991
N136DL;1991
N137DL;1991
N138DL;1991
N154DL;1991
N155DL;1991
N156DL;1991
N177DN;1991
N178DN;1991
N179DN;1991
N179UA;1991
N180UA;1991
N181UA;1991
N182UA;1991
N232AE;1991
N236AE;1991
N255AY;1991
N314US;1991
N315US;1991
N316US;1991
N317US;1991
N318US;1991
N319US;1991
N320US;1991
N322AW;1991
N354SW;1991
N355SW;1991
N356SW;1991
N366AA;1991
N368AA;1991
N452UW;1991
N453UW;1991
N454UW;1991
N455UW;1991
N456UW;1991
N457UW;1991
N458UW;1991
N459UW;1991
N460UW;1991
N511SW;1991
N512SW;1991
N513SW;1991
N514SW;1991
N515SW;1991
N519SW;1991
N520SW;1991
N521SW;1991
N525UA;1991
N526UA;1991
N527UA;1991
N528UA;1991
N529UA;1991
N530UA;1991
N531UA;1991
N532UA;1991
N533UA;1991
N534UA;1991
N535UA;1991
N536UA;1991
N537UA;1991
N538UA;1991
N539UA;1991
N540UA;1991
N541UA;1991
N542UA;1991
N544UA;1991
N545UA;1991
N546UA;1991
N547UA;1991
N552AA;1991
N553AA;1991
N554AA;1991
N556AA;1991
N558AA;1991
N559AA;1991
N561AA;1991
N573AA;1991
N574AA;1991
N576AA;1991
N577AA;1991
N578AA;1991
N579AA;1991
N580AA;1991
N581AA;1991
N582AA;1991
N583AA;1991
N584AA;1991
N585AA;1991
N586AA;1991
N587AA;1991
N588AA;1991
N589AA;1991
N590AA;1991
N591AA;1991
N592AA;1991
N593AA;1991
N638AA;1991
N639AA;1991
N641AA;1991
N641UA;1991
N642AA;1991
N642UA;1991
N643AA;1991
N643UA;1991
N644UA;1991
N662DN;1991
N663DN;1991
N664DN;1991
N665DN;1991
N666DN;1991
N667DN;1991
N668DN;1991
N669DN;1991
N905UA;1991
N906UA;1991
N907UA;1991
N910UA;1991
N912UA;1991
N913UA;1991
N914UA;1991
N918UA;1991
N919UA;1991
N921UA;1991
N922UA;1991
N958AS;1991
N968AS;1991
N969AS;1991
N971DL;1991
N972DL;1991
N973DL;1991
N974DL;1991
N975DL;1991
N976DL;1991
N977DL;1991
N978DL;1991
N979DL;1991
N980DL;1991
N981DL;1991
N982DL;1991
N983DL;1991
N984DL;1991
N985DL;1991
N986DL;1991
N987DL;1991
N988DL;1991
N989DL;1991
N990DL;1991
N991DL;1991
N992DL;1991
N993DL;1991
N994DL;1991
N995DL;1991
N996DL;1991
N139DL;1992
N180DN;1992
N181DN;1992
N182DN;1992
N187UA;1992
N304AE;1992
N321US;1992
N322US;1992
N323US;1992
N324US;1992
N325US;1992
N326US;1992
N327NW;1992
N328NW;1992
N329NW;1992
N330NW;1992
N331NW;1992
N332NW;1992
N333NW;1992
N334NW;1992
N335NW;1992
N336NW;1992
N337NW;1992
N338NW;1992
N339NW;1992
N340NW;1992
N341NW;1992
N344AA;1992
N345AA;1992
N357SW;1992
N358SW;1992
N359SW;1992
N360SW;1992
N361SW;1992
N362SW;1992
N369AA;1992
N370AA;1992
N371AA;1992
N372AA;1992
N373AA;1992
N374AA;1992
N522SW;1992
N523SW;1992
N524SW;1992
N525SW;1992
N526SW;1992
N527SW;1992
N528SW;1992
N548UA;1992
N549UA;1992
N550UA;1992
N551UA;1992
N552UA;1992
N553UA;1992
N554UA;1992
N555UA;1992
N556UA;1992
N557UA;1992
N558UA;1992
N559UA;1992
N560UA;1992
N561UA;1992
N562UA;1992
N563UA;1992
N564UA;1992
N565UA;1992
N566UA;1992
N567UA;1992
N568UA;1992
N569UA;1992
N570UA;1992
N571UA;1992
N572UA;1992
N573UA;1992
N574UA;1992
N594AA;1992
N595AA;1992
N596AA;1992
N597AA;1992
N598AA;1992
N599AA;1992
N644AW;1992
N646UA;1992
N647UA;1992
N648UA;1992
N649UA;1992
N651UA;1992
N652UA;1992
N653UA;1992
N654UA;1992
N655UA;1992
N670DN;1992
N671DN;1992
N672DL;1992
N673DL;1992
N674DL;1992
N675DL;1992
N676DL;1992
N677DL;1992
N679DA;1992
N680DA;1992
N754AS;1992
N755AS;1992
N756AS;1992
N760AS;1992
N762AS;1992
N763AS;1992
N764AS;1992
N765AS;1992
N767AS;1992
N768AS;1992
N900DE;1992
N901DE;1992
N902DE;1992
N903DE;1992
N904DE;1992
N905DE;1992
N906DE;1992
N907DE;1992
N908DE;1992
N909DE;1992
N910DE;1992
N911DE;1992
N912DE;1992
N923UA;1992
N924UA;1992
N925UA;1992
N927UA;1992
N928UA;1992
N929UA;1992
N930UA;1992
N932UA;1992
N933UA;1992
N934UA;1992
N935UA;1992
N936UA;1992
N937UA;1992
N938UA;1992
N941UA;1992
N942UA;1992
N960AS;1992
N961AS;1992
N962AS;1992
N997DL;1992
N998DL;1992
N999DN;1992
N1402A;1993
N140LL;1993
N183DN;1993
N184DN;1993
N215SW;1993
N216SW;1993
N217SW;1993
N250YV;1993
N251YV;1993
N256AY;1993
N270YV;1993
N271YV;1993
N342NW;1993
N343NW;1993
N344NW;1993
N345NW;1993
N347NW;1993
N348NW;1993
N350NA;1993
N363SW;1993
N364SW;1993
N365SW;1993
N366SW;1993
N367SW;1993
N368SW;1993
N369SW;1993
N370SW;1993
N371SW;1993
N372SW;1993
N373SW;1993
N374SW;1993
N375SW;1993
N379AA;1993
N384AA;1993
N401UA;1993
N402UA;1993
N403SW;1993
N403UA;1993
N404UA;1993
N405SW;1993
N405UA;1993
N406SW;1993
N557AA;1993
N575UA;1993
N576UA;1993
N577UA;1993
N578UA;1993
N579UA;1993
N580UA;1993
N581UA;1993
N582UA;1993
N583UA;1993
N584UA;1993
N585UA;1993
N586UA;1993
N587UA;1993
N588UA;1993
N656UA;1993
N657UA;1993
N658UA;1993
N659UA;1993
N660UA;1993
N661UA;1993
N662UA;1993
N663UA;1993
N681DA;1993
N682DA;1993
N683DA;1993
N684DA;1993
N769AS;1993
N771AS;1993
N772AS;1993
N773AS;1993
N774AS;1993
N775AS;1993
N912CA;1993
N913DE;1993
N914CA;1993
N914DE;1993
N915CA;1993
N915DE;1993
N916CA;1993
N916DE;1993
N917CA;1993
N917DE;1993
N918CA;1993
N918DE;1993
N919DE;1993
N920CA;1993
N920DE;1993
N924CA;1993
N926CA;1993
N927CA;1993
N927UW;1993
N929CA;1993
N929UW;1993
N930UW;1993
N932UW;1993
N933UW;1993
N934UW;1993
N105UA;1994
N11612;1994
N12109;1994
N13110;1994
N14102;1994
N14106;1994
N14107;1994
N14601;1994
N14604;1994
N14605;1994
N14609;1994
N14613;1994
N16607;1994
N16618;1994
N17104;1994
N17105;1994
N17619;1994
N17620;1994
N18611;1994
N18622;1994
N19621;1994
N21108;1994
N218SW;1994
N220SW;1994
N221SW;1994
N27610;1994
N284YV;1994
N289YV;1994
N292UX;1994
N33103;1994
N33608;1994
N37615;1994
N376SW;1994
N378SW;1994
N379SW;1994
N380SW;1994
N382SW;1994
N383SW;1994
N384SW;1994
N385SW;1994
N386AA;1994
N386SW;1994
N387SW;1994
N388SW;1994
N389SW;1994
N390SW;1994
N391SW;1994
N392SW;1994
N394SW;1994
N395SW;1994
N396SW;1994
N406UA;1994
N407SW;1994
N407UA;1994
N408SW;1994
N408UA;1994
N409SW;1994
N409UA;1994
N410UA;1994
N411UA;1994
N412UA;1994
N413UA;1994
N414UA;1994
N415UA;1994
N416UA;1994
N417UA;1994
N418UA;1994
N419UA;1994
N420UA;1994
N421UA;1994
N52616;1994
N57111;1994
N58101;1994
N58606;1994
N640AS;1994
N640AW;1994
N641AS;1994
N642AS;1994
N643AS;1994
N69602;1994
N69603;1994
N776AS;1994
N778AS;1994
N779AS;1994
N780AS;1994
N782AS;1994
N783AS;1994
N902DA;1994
N931CA;1994
N932CA;1994
N933CA;1994
N935UW;1994
N936CA;1994
N936UW;1994
N937CA;1994
N937UW;1994
N938CA;1994
N938UW;1994
N939UW;1994
N940CA;1994
N941CA;1994
N972AS;1994
N975AS;1994
N12114;1995
N13113;1995
N13624;1995
N14115;1995
N14628;1995
N16632;1995
N17627;1995
N18112;1995
N185DN;1995
N186DN;1995
N19623;1995
N200UU;1995
N201UU;1995
N202UW;1995
N206UW;1995
N223SW;1995
N224SW;1995
N226SW;1995
N227SW;1995
N229SW;1995
N232SW;1995
N233SW;1995
N24633;1995
N295UX;1995
N301YV;1995
N32626;1995
N388AA;1995
N389AA;1995
N390AA;1995
N391AA;1995
N394DL;1995
N397SW;1995
N398SW;1995
N399WN;1995
N410SW;1995
N411SW;1995
N412SW;1995
N416SW;1995
N422UA;1995
N423UA;1995
N424UA;1995
N425UA;1995
N426UA;1995
N427UA;1995
N428UA;1995
N429UA;1995
N46625;1995
N535US;1995
N536US;1995
N587SW;1995
N588SW;1995
N589SW;1995
N590SW;1995
N591SW;1995
N59630;1995
N600WN;1995
N601WN;1995
N602SW;1995
N603SW;1995
N604SW;1995
N605SW;1995
N606SW;1995
N607SW;1995
N608SW;1995
N609SW;1995
N610WN;1995
N611SW;1995
N612SW;1995
N613SW;1995
N614SW;1995
N615SW;1995
N616SW;1995
N617SW;1995
N618WN;1995
N619AW;1995
N619SW;1995
N62631;1995
N685DA;1995
N686DA;1995
N768UA;1995
N769UA;1995
N771UA;1995
N772UA;1995
N773UA;1995
N775UA;1995
N777UA;1995
N901DA;1995
N903DA;1995
N904DA;1995
N905DA;1995
N906DA;1995
N907DA;1995
N908DA;1995
N909DA;1995
N910DN;1995
N911DA;1995
N940UW;1995
N941UW;1995
N942UW;1995
N954CA;1995
N977AS;1995
N12116;1996
N14925;1996
N154SF;1996
N15926;1996
N16927;1996
N17156;1996
N17928;1996
N187DN;1996
N188DN;1996
N19117;1996
N234SW;1996
N236SW;1996
N237SW;1996
N288SW;1996
N290SW;1996
N291SW;1996
N292SW;1996
N293SW;1996
N294SW;1996
N295SW;1996
N296SW;1996
N297SW;1996
N298SW;1996
N349NW;1996
N413SW;1996
N430UA;1996
N431UA;1996
N432UA;1996
N433UA;1996
N434UA;1996
N434YV;1996
N435UA;1996
N436UA;1996
N436YV;1996
N444YV;1996
N445YV;1996
N446YV;1996
N447YV;1996
N448YV;1996
N449YV;1996
N537US;1996
N538US;1996
N544US;1996
N545US;1996
N546US;1996
N547US;1996
N548US;1996
N549US;1996
N592UA;1996
N593UA;1996
N594UA;1996
N620SW;1996
N621SW;1996
N622SW;1996
N623SW;1996
N624SW;1996
N625SW;1996
N626SW;1996
N627SW;1996
N628SW;1996
N629SW;1996
N630WN;1996
N631SW;1996
N632SW;1996
N633SW;1996
N634SW;1996
N635SW;1996
N636WN;1996
N637SW;1996
N638SW;1996
N639SW;1996
N640SW;1996
N641SW;1996
N642AW;1996
N650ML;1996
N696DA;1996
N702TW;1996
N703TW;1996
N715SF;1996
N774UA;1996
N776UA;1996
N778UA;1996
N779UA;1996
N780UA;1996
N781UA;1996
N784AS;1996
N912DN;1996
N913DN;1996
N914DN;1996
N915DN;1996
N916DN;1996
N956CA;1996
N957CA;1996
N958CA;1996
N959CA;1996
N960CA;1996
N962CA;1996
N963CA;1996
N964CA;1996
N965CA;1996
N966CA;1996
N967CA;1996
N969CA;1996
N973CA;1996
N979AS;1996
N987HA;1996
N988HA;1996
N989HA;1996
N991HA;1996
N11641;1997
N11651;1997
N12934;1997
N13929;1997
N13935;1997
N13936;1997
N14118;1997
N14120;1997
N14121;1997
N14639;1997
N14645;1997
N14930;1997
N14933;1997
N14937;1997
N14938;1997
N14939;1997
N14940;1997
N14942;1997
N15932;1997
N15941;1997
N16642;1997
N16646;1997
N16647;1997
N16648;1997
N16649;1997
N16650;1997
N17122;1997
N17175;1997
N17640;1997
N17644;1997
N18119;1997
N189DN;1997
N190DN;1997
N191DN;1997
N192DN;1997
N193DN;1997
N194DN;1997
N195DN;1997
N195UA;1997
N19638;1997
N196DN;1997
N196UA;1997
N197DN;1997
N197UA;1997
N199UA;1997
N26123;1997
N27172;1997
N27173;1997
N27185;1997
N27191;1997
N299SW;1997
N308SW;1997
N351NW;1997
N37178;1997
N37208;1997
N393SW;1997
N437UA;1997
N438UA;1997
N439UA;1997
N440UA;1997
N441UA;1997
N454YV;1997
N455YV;1997
N47202;1997
N492SW;1997
N507AA;1997
N570ML;1997
N571ML;1997
N589UA;1997
N590UA;1997
N603AW;1997
N605AW;1997
N642WN;1997
N643SW;1997
N644SW;1997
N645SW;1997
N646SW;1997
N647AW;1997
N647SW;1997
N648AW;1997
N648SW;1997
N649SW;1997
N650SW;1997
N651SW;1997
N652SW;1997
N653SW;1997
N654SW;1997
N655WN;1997
N656SW;1997
N700GS;1997
N701GS;1997
N703SW;1997
N704X;1997
N705TW;1997
N706TW;1997
N707TW;1997
N709TW;1997
N710TW;1997
N711ZX;1997
N712TW;1997
N713TW;1997
N77181;1997
N77195;1997
N782UA;1997
N783UA;1997
N784UA;1997
N785AS;1997
N785UA;1997
N786UA;1997
N787UA;1997
N788AS;1997
N788UA;1997
N791AS;1997
N791UA;1997
N792AS;1997
N792UA;1997
N793UA;1997
N794UA;1997
N795UA;1997
N801UA;1997
N804UA;1997
N820AS;1997
N821AS;1997
N823AS;1997
N824AS;1997
N825AS;1997
N826AS;1997
N827AS;1997
N828AS;1997
N900PC;1997
N982AS;1997
N983CA;1997
N984CA;1997
N988CA;1997
N102UW;1998
N104UA;1998
N107UA;1998
N11656;1998
N116UA;1998
N1200K;1998
N1201P;1998
N12125;1998
N12216;1998
N12218;1998
N12221;1998
N12225;1998
N12946;1998
N12957;1998
N13716;1998
N13949;1998
N13955;1998
N13956;1998
N13958;1998
N14214;1998
N14219;1998
N143DA;1998
N14652;1998
N14653;1998
N14654;1998
N14655;1998
N14664;1998
N14667;1998
N14668;1998
N14704;1998
N14943;1998
N14945;1998
N14947;1998
N14950;1998
N14952;1998
N14953;1998
N14959;1998
N14960;1998
N15659;1998
N15710;1998
N15712;1998
N15948;1998
N16217;1998
N16701;1998
N16703;1998
N16709;1998
N16713;1998
N16944;1998
N16951;1998
N16954;1998
N169DZ;1998
N17126;1998
N17128;1998
N17133;1998
N171DZ;1998
N17231;1998
N17275;1998
N172DZ;1998
N173DZ;1998
N174DZ;1998
N17663;1998
N18220;1998
N18223;1998
N18658;1998
N19130;1998
N198DN;1998
N199DN;1998
N23661;1998
N23707;1998
N23708;1998
N24211;1998
N24212;1998
N24224;1998
N24702;1998
N24706;1998
N24715;1998
N25705;1998
N26210;1998
N26215;1998
N26226;1998
N270WN;1998
N27213;1998
N29124;1998
N29129;1998
N33132;1998
N33714;1998
N34131;1998
N34222;1998
N352NW;1998
N353NW;1998
N354NW;1998
N355NW;1998
N356NW;1998
N357NW;1998
N358NW;1998
N359NW;1998
N360NW;1998
N361NW;1998
N362NW;1998
N363NW;1998
N371DA;1998
N372DA;1998
N373DA;1998
N374DA;1998
N375DA;1998
N442UA;1998
N443UA;1998
N444UA;1998
N445UA;1998
N446UA;1998
N447UA;1998
N448UA;1998
N449UA;1998
N451UA;1998
N48127;1998
N54711;1998
N560SW;1998
N561SW;1998
N562SW;1998
N563SW;1998
N564SW;1998
N565SW;1998
N566SW;1998
N567SW;1998
N568SW;1998
N569SW;1998
N576SW;1998
N578SW;1998
N579SW;1998
N595UA;1998
N596UA;1998
N597UA;1998
N610AE;1998
N611AE;1998
N612AE;1998
N613AE;1998
N614AE;1998
N615AE;1998
N616AE;1998
N617AE;1998
N618AE;1998
N619AE;1998
N629BR;1998
N649AW;1998
N650AW;1998
N651AW;1998
N664UA;1998
N665UA;1998
N666UA;1998
N667UA;1998
N678DL;1998
N687DL;1998
N688DL;1998
N689DL;1998
N690DL;1998
N692DL;1998
N693DL;1998
N700UW;1998
N701UW;1998
N702UW;1998
N703AS;1998
N703UW;1998
N704SW;1998
N704US;1998
N705AS;1998
N705SW;1998
N706AS;1998
N706SW;1998
N707SA;1998
N708CA;1998
N709CA;1998
N709SW;1998
N710CA;1998
N710SW;1998
N711HK;1998
N712CA;1998
N712SW;1998
N713CA;1998
N713SW;1998
N714CB;1998
N715SW;1998
N716CA;1998
N716SW;1998
N717SA;1998
N718SW;1998
N719CA;1998
N719SW;1998
N720WN;1998
N721CA;1998
N7264V;1998
N729CA;1998
N735CA;1998
N739CA;1998
N739GB;1998
N740SW;1998
N741SA;1998
N742SW;1998
N743SW;1998
N77006;1998
N77260;1998
N77278;1998
N78003;1998
N78004;1998
N793AS;1998
N794AS;1998
N795AS;1998
N796AS;1998
N796UA;1998
N797AS;1998
N797UA;1998
N798SW;1998
N798UA;1998
N799AS;1998
N799UA;1998
N801AW;1998
N802AW;1998
N803AW;1998
N805UA;1998
N806UA;1998
N807UA;1998
N808UA;1998
N809UA;1998
N810UA;1998
N811UA;1998
N812UA;1998
N813UA;1998
N814UA;1998
N815UA;1998
N816UA;1998
N817UA;1998
N818UA;1998
N819UA;1998
N820UA;1998
N821UA;1998
N822UA;1998
N823UA;1998
N829AS;1998
N830AS;1998
N832AS;1998
N833AS;1998
N834AS;1998
N835AS;1998
N836AS;1998
N837AS;1998
N838AS;1998
N989CA;1998
N991cA;1998
N999CA;1998
N103US;1999
N104UW;1999
N105UW;1999
N106US;1999
N107US;1999
N108UW;1999
N109UW;1999
N110UW;1999
N111US;1999
N112US;1999
N113UW;1999
N114UW;1999
N117UA;1999
N119UA;1999
N120UA;1999
N121UA;1999
N12238;1999
N122UA;1999
N12967;1999
N13138;1999
N13248;1999
N13718;1999
N13720;1999
N13750;1999
N13964;1999
N13965;1999
N13968;1999
N13969;1999
N13970;1999
N13975;1999
N13978;1999
N13979;1999
N14230;1999
N14231;1999
N14237;1999
N14242;1999
N14250;1999
N144DA;1999
N14505;1999
N14731;1999
N14735;1999
N14972;1999
N14974;1999
N14977;1999
N15973;1999
N15980;1999
N1602;1999
N1603;1999
N1604R;1999
N1605;1999
N16065;1999
N16234;1999
N16501;1999
N16502;1999
N16732;1999
N16961;1999
N16963;1999
N16976;1999
N16981;1999
N17229;1999
N17233;1999
N17244;1999
N17245;1999
N17337;1999
N175DZ;1999
N176DZ;1999
N17719;1999
N17730;1999
N177DZ;1999
N18243;1999
N19136;1999
N19503;1999
N19966;1999
N204UA;1999
N206UA;1999
N209UA;1999
N21723;1999
N22971;1999
N23721;1999
N24729;1999
N24736;1999
N25504;1999
N27239;1999
N27314;1999
N27318;1999
N27506;1999
N27722;1999
N27724;1999
N27733;1999
N27734;1999
N27962;1999
N29717;1999
N301NB;1999
N302NB;1999
N34137;1999
N36247;1999
N364NW;1999
N365NW;1999
N366NW;1999
N367NW;1999
N368NW;1999
N369NW;1999
N370NW;1999
N37342;1999
N376DA;1999
N377DA;1999
N378DA;1999
N379DA;1999
N380DA;1999
N382DA;1999
N383DN;1999
N384DA;1999
N385DN;1999
N386DA;1999
N38727;1999
N39726;1999
N39728;1999
N41135;1999
N452UA;1999
N453UA;1999
N454UA;1999
N455UA;1999
N456UA;1999
N457UA;1999
N503JB;1999
N504JB;1999
N54241;1999
N580SW;1999
N581SW;1999
N582SW;1999
N583SW;1999
N584SW;1999
N585SW;1999
N586SW;1999
N594SW;1999
N595SW;1999
N597SW;1999
N598UA;1999
N607AS;1999
N609AS;1999
N611AS;1999
N612AS;1999
N613AS;1999
N614AS;1999
N622AE;1999
N623AE;1999
N624AE;1999
N625AE;1999
N626AE;1999
N627AE;1999
N628AE;1999
N629AE;1999
N630AE;1999
N631AE;1999
N632AE;1999
N633AE;1999
N634AE;1999
N635AE;1999
N636AE;1999
N637AE;1999
N638AE;1999
N639AE;1999
N640AE;1999
N641AE;1999
N642AE;1999
N643AE;1999
N644AE;1999
N652AW;1999
N653AW;1999
N654AW;1999
N655AW;1999
N656AW;1999
N657AW;1999
N658AW;1999
N668UA;1999
N669UA;1999
N6700;1999
N6701;1999
N6702;1999
N67134;1999
N671UA;1999
N672UA;1999
N697DL;1999
N698DL;1999
N699DL;1999
N700LE;1999
N701MH;1999
N702AE;1999
N703MR;1999
N704PG;1999
N705AE;1999
N706RG;1999
N707EB;1999
N707SK;1999
N708AE;1999
N708AS;1999
N708UW;1999
N709UW;1999
N710UW;1999
N711UW;1999
N712US;1999
N713AS;1999
N713UW;1999
N714US;1999
N715UW;1999
N716UW;1999
N717TW;1999
N717UW;1999
N718TW;1999
N720SW;1999
N721TW;1999
N721UW;1999
N722TW;1999
N722US;1999
N723SW;1999
N723UW;1999
N724SW;1999
N724UW;1999
N725SW;1999
N725UW;1999
N726SW;1999
N727SW;1999
N728SW;1999
N7291Z;1999
N729SW;1999
N7305V;1999
N730SW;1999
N731SA;1999
N732SW;1999
N733SA;1999
N734SA;1999
N735SA;1999
N736SA;1999
N737JW;1999
N738AL;1999
N738CB;1999
N739AL;1999
N74007;1999
N744SW;1999
N745SW;1999
N746AL;1999
N746SW;1999
N747SA;1999
N748AL;1999
N748SW;1999
N749SW;1999
N750SA;1999
N751SW;1999
N752SW;1999
N753SW;1999
N754SW;1999
N755SA;1999
N756SA;1999
N757LV;1999
N758SW;1999
N75995;1999
N75996;1999
N75998;1999
N759GS;1999
N76010;1999
N77014;1999
N77286;1999
N77302;1999
N77331;1999
N779CA;1999
N78009;1999
N781CA;1999
N784CA;1999
N785CA;1999
N786CA;1999
N79011;1999
N796CA;1999
N797CA;1999
N798CA;1999
N804AW;1999
N804CA;1999
N805AW;1999
N805CA;1999
N806AW;1999
N807AW;1999
N807CA;1999
N808AW;1999
N809AW;1999
N810AW;1999
N824UA;1999
N825UA;1999
N826UA;1999
N827UA;1999
N828UA;1999
N839AS;1999
N840AS;1999
N841AS;1999
N842AS;1999
N843AS;1999
N844AS;1999
N845AS;1999
N847AS;1999
N848AS;1999
N849AS;1999
N850AS;1999
N851AS;1999
N860DA;1999
N861DA;1999
N862DA;1999
N863DA;1999
N864DA;1999
N865DA;1999
N866DA;1999
N87353;1999
N936AT;1999
N940AT;1999
N942AT;1999
N943AT;1999
N944AT;1999
N945AT;1999
N946AT;1999
N947AT;1999
N948AT;1999
N949AT;1999
N97325;1999
N11206;2000
N117UW;2000
N118US;2000
N119US;2000
N121UW;2000
N122US;2000
N123UW;2000
N124US;2000
N128UA;2000
N12921;2000
N12922;2000
N12924;2000
N12996;2000
N13988;2000
N13989;2000
N13990;2000
N13992;2000
N13994;2000
N13995;2000
N13997;2000
N14508;2000
N14514;2000
N14516;2000
N14923;2000
N14991;2000
N14993;2000
N14998;2000
N15509;2000
N15983;2000
N15985;2000
N15986;2000
N1607B;2000
N1608;2000
N1609;2000
N1610D;2000
N1611B;2000
N16510;2000
N16511;2000
N16987;2000
N16999;2000
N17139;2000
N17507;2000
N17513;2000
N178DZ;2000
N17984;2000
N18982;2000
N19141;2000
N203UW;2000
N204UW;2000
N205UW;2000
N210UA;2000
N211UA;2000
N212UA;2000
N213UA;2000
N214UA;2000
N215UA;2000
N216UA;2000
N217UA;2000
N24202;2000
N24517;2000
N26208;2000
N27015;2000
N270AY;2000
N27205;2000
N272AY;2000
N273AY;2000
N274AY;2000
N27512;2000
N275AY;2000
N28518;2000
N29515;2000
N314NB;2000
N315NB;2000
N316NB;2000
N317NB;2000
N318NB;2000
N319NB;2000
N320NB;2000
N33203;2000
N33209;2000
N35204;2000
N36207;2000
N37252;2000
N37253;2000
N37255;2000
N3730B;2000
N3731T;2000
N3732J;2000
N3733Z;2000
N3734B;2000
N3735D;2000
N3736C;2000
N3737C;2000
N3738B;2000
N3740C;2000
N38257;2000
N387DA;2000
N388DA;2000
N389DA;2000
N390DA;2000
N391DA;2000
N392DA;2000
N393DA;2000
N394DA;2000
N395DN;2000
N396DA;2000
N397DA;2000
N398DA;2000
N399DA;2000
N403CA;2000
N408CA;2000
N409CA;2000
N41140;2000
N418SW;2000
N420CA;2000
N423SW;2000
N427CA;2000
N430CA;2000
N458UA;2000
N459UA;2000
N460UA;2000
N461UA;2000
N462UA;2000
N463UA;2000
N464UA;2000
N465UA;2000
N467UA;2000
N468UA;2000
N505JB;2000
N506JB;2000
N509JB;2000
N510JB;2000
N516JB;2000
N517JB;2000
N59053;2000
N604AW;2000
N615AS;2000
N617AS;2000
N618AS;2000
N619AS;2000
N622AS;2000
N623AS;2000
N624AS;2000
N645AE;2000
N646AE;2000
N646BR;2000
N647AE;2000
N648AE;2000
N649BR;2000
N649PP;2000
N651BR;2000
N654BR;2000
N655BR;2000
N659AW;2000
N66051;2000
N660AW;2000
N661AW;2000
N662AW;2000
N6703D;2000
N6704Z;2000
N67052;2000
N6705Y;2000
N6706Q;2000
N6707A;2000
N6708D;2000
N6709;2000
N6710E;2000
N6711M;2000
N6712B;2000
N6713Y;2000
N6714Q;2000
N673UA;2000
N674UA;2000
N675UA;2000
N676SW;2000
N709GB;2000
N710TB;2000
N711PH;2000
N715AE;2000
N716AE;2000
N719AE;2000
N720AE;2000
N721HS;2000
N722AE;2000
N723AE;2000
N724AE;2000
N725AE;2000
N726AE;2000
N727AE;2000
N728AE;2000
N729AE;2000
N730KW;2000
N730US;2000
N73152;2000
N731BE;2000
N73251;2000
N73256;2000
N732DH;2000
N732US;2000
N733UW;2000
N737US;2000
N738US;2000
N740UW;2000
N741UW;2000
N742PS;2000
N744P;2000
N745VJ;2000
N746UW;2000
N747UW;2000
N748UW;2000
N749US;2000
N750UW;2000
N751UW;2000
N752US;2000
N753US;2000
N754UW;2000
N755US;2000
N756US;2000
N757UW;2000
N758US;2000
N75992;2000
N75993;2000
N75994;2000
N76054;2000
N760SW;2000
N760US;2000
N76151;2000
N76153;2000
N761RR;2000
N76254;2000
N762SW;2000
N762US;2000
N763SW;2000
N763US;2000
N764SW;2000
N764US;2000
N765SW;2000
N765US;2000
N766SW;2000
N766US;2000
N767UW;2000
N768SW;2000
N768US;2000
N769SW;2000
N769US;2000
N770SA;2000
N770UW;2000
N771SA;2000
N77258;2000
N772SW;2000
N773SA;2000
N774SW;2000
N775SW;2000
N776WN;2000
N777QC;2000
N778SW;2000
N779SW;2000
N780SW;2000
N781WN;2000
N782SA;2000
N783SW;2000
N784SW;2000
N785SW;2000
N786SW;2000
N787SA;2000
N788SA;2000
N789SW;2000
N790SW;2000
N791SW;2000
N792SW;2000
N809CA;2000
N810CA;2000
N811CA;2000
N812AW;2000
N812CA;2000
N813AW;2000
N814AW;2000
N814CA;2000
N815AW;2000
N815CA;2000
N816AW;2000
N817AW;2000
N818AW;2000
N818CA;2000
N819AW;2000
N819CA;2000
N820AW;2000
N821AW;2000
N821CA;2000
N822AW;2000
N825MH;2000
N826MH;2000
N828MH;2000
N829MH;2000
N829UA;2000
N830MH;2000
N830UA;2000
N831MH;2000
N831UA;2000
N832MH;2000
N832UA;2000
N833MH;2000
N833UA;2000
N834MH;2000
N835MH;2000
N836MH;2000
N837MH;2000
N853AS;2000
N854AS;2000
N855AS;2000
N856AS;2000
N857AS;2000
N858AS;2000
N859AS;2000
N860AS;2000
N861AS;2000
N867AS;2000
N868CA;2000
N903SW;2000
N905SW;2000
N906;2000
N920AT;2000
N921AT;2000
N924AT;2000
N925AT;2000
N926AT;2000
N928AT;2000
N929AT;2000
N930AT;2000
N932AT;2000
N933AT;2000
N934AT;2000
N935AT;2000
N950AT;2000
N951AT;2000
N952AT;2000
N953AT;2000
N954AT;2000
N955AT;2000
N956AT;2000
N957AT;2000
N11526;2001
N11535;2001
N11536;2001
N11539;2001
N12519;2001
N12530;2001
N12540;2001
N12900;2001
N13538;2001
N13903;2001
N13908;2001
N13913;2001
N13914;2001
N14522;2001
N14542;2001
N14902;2001
N14904;2001
N14905;2001
N14907;2001
N14916;2001
N14920;2001
N15527;2001
N15910;2001
N15912;2001
N1612T;2001
N1613B;2001
N161UW;2001
N162UW;2001
N163US;2001
N16520;2001
N16525;2001
N16541;2001
N165US;2001
N167US;2001
N16911;2001
N16918;2001
N16919;2001
N169UW;2001
N170US;2001
N171US;2001
N172US;2001
N173US;2001
N17521;2001
N17524;2001
N176UW;2001
N178US;2001
N179UW;2001
N180US;2001
N182UW;2001
N183UW;2001
N189UW;2001
N190UW;2001
N191UW;2001
N192UW;2001
N21537;2001
N218UA;2001
N219UA;2001
N220UA;2001
N221UA;2001
N222UA;2001
N223UA;2001
N224UA;2001
N225UA;2001
N22909;2001
N27523;2001
N276AY;2001
N277AY;2001
N278AY;2001
N28529;2001
N29906;2001
N29917;2001
N303AS;2001
N30401;2001
N305AS;2001
N306AS;2001
N307AS;2001
N309AS;2001
N321NB;2001
N322NB;2001
N323NB;2001
N32404;2001
N324NB;2001
N325NB;2001
N326NB;2001
N327NB;2001
N328NB;2001
N329NB;2001
N330NB;2001
N33262;2001
N33264;2001
N33266;2001
N332NB;2001
N333NB;2001
N35260;2001
N35271;2001
N35407;2001
N36272;2001
N365AA;2001
N36915;2001
N371NW;2001
N37263;2001
N37267;2001
N37273;2001
N372NW;2001
N373NW;2001
N37408;2001
N37409;2001
N3741S;2001
N3742C;2001
N3743H;2001
N3745B;2001
N3746H;2001
N3747D;2001
N3748Y;2001
N3749D;2001
N374NW;2001
N3750D;2001
N3751B;2001
N3752;2001
N3753;2001
N3754A;2001
N3755D;2001
N3756;2001
N3757D;2001
N3758Y;2001
N3759;2001
N3760C;2001
N3761R;2001
N3762Y;2001
N3763D;2001
N3764D;2001
N3765;2001
N3766;2001
N3767;2001
N38268;2001
N38403;2001
N400WN;2001
N401WN;2001
N402WN;2001
N403WN;2001
N404WN;2001
N405WN;2001
N406WN;2001
N407WN;2001
N408WN;2001
N409WN;2001
N410WN;2001
N411WN;2001
N412WN;2001
N413WN;2001
N414WN;2001
N415WN;2001
N416WN;2001
N417WN;2001
N418WN;2001
N419WN;2001
N420WN;2001
N421LV;2001
N426SW;2001
N427SW;2001
N429SW;2001
N430SW;2001
N431SW;2001
N432SW;2001
N433SW;2001
N435CA;2001
N435SW;2001
N436CA;2001
N437SW;2001
N438SW;2001
N439SW;2001
N440SW;2001
N442CA;2001
N443CA;2001
N447CA;2001
N451CA;2001
N469UA;2001
N470UA;2001
N471UA;2001
N472UA;2001
N473UA;2001
N474UA;2001
N475HA;2001
N475UA;2001
N476HA;2001
N476UA;2001
N477HA;2001
N477UA;2001
N478HA;2001
N478UA;2001
N479HA;2001
N479UA;2001
N480HA;2001
N480UA;2001
N481HA;2001
N481UA;2001
N482UA;2001
N483UA;2001
N484HA;2001
N484UA;2001
N485HA;2001
N485UA;2001
N486HA;2001
N486UA;2001
N487HA;2001
N48901;2001
N500AE;2001
N501BG;2001
N502AE;2001
N519JB;2001
N520JB;2001
N521JB;2001
N523JB;2001
N524JB;2001
N528JB;2001
N529JB;2001
N550WN;2001
N551NW;2001
N551WN;2001
N552NW;2001
N553NW;2001
N554NW;2001
N57852;2001
N57863;2001
N57864;2001
N580HA;2001
N581HA;2001
N582HA;2001
N603AT;2001
N604AT;2001
N625AS;2001
N626AS;2001
N627AS;2001
N650AE;2001
N651AE;2001
N652RS;2001
N653AE;2001
N654AE;2001
N655AE;2001
N659BR;2001
N66056;2001
N663AW;2001
N664AW;2001
N665AW;2001
N67157;2001
N67158;2001
N6715C;2001
N6716C;2001
N67171;2001
N676UA;2001
N677UA;2001
N68155;2001
N68159;2001
N68160;2001
N69154;2001
N72405;2001
N73259;2001
N73270;2001
N733KR;2001
N73406;2001
N734EK;2001
N735TS;2001
N736DT;2001
N737MW;2001
N738NR;2001
N739AE;2001
N740AL;2001
N741AL;2001
N742AL;2001
N75410;2001
N75851;2001
N75861;2001
N76055;2001
N76156;2001
N76265;2001
N76269;2001
N77261;2001
N793SA;2001
N79402;2001
N794SW;2001
N795SW;2001
N796SW;2001
N797MX;2001
N800AE;2001
N801AE;2001
N802AE;2001
N803AE;2001
N804AE;2001
N805AE;2001
N806AE;2001
N807AE;2001
N808AE;2001
N809AE;2001
N810AE;2001
N811AE;2001
N812AE;2001
N813AE;2001
N814AE;2001
N823AW;2001
N824AW;2001
N825AW;2001
N827AW;2001
N827MH;2001
N831AW;2001
N832AW;2001
N834UA;2001
N835UA;2001
N836UA;2001
N837UA;2001
N838MH;2001
N838UA;2001
N839MH;2001
N839UA;2001
N840MH;2001
N840UA;2001
N841MH;2001
N841UA;2001
N842MH;2001
N842UA;2001
N843UA;2001
N844UA;2001
N845UA;2001
N846UA;2001
N847UA;2001
N862AS;2001
N863AS;2001
N864AS;2001
N865AS;2001
N866AS;2001
N868AS;2001
N869AS;2001
N870AS;2001
N871AS;2001
N872AS;2001
N873AS;2001
N874AS;2001
N875AS;2001
N876AS;2001
N877AS;2001
N881AS;2001
N882AS;2001
N883AS;2001
N884AS;2001
N885AS;2001
N886AS;2001
N889AS;2001
N901FR;2001
N902FR;2001
N903FR;2001
N904FR;2001
N905FR;2001
N906AT;2001
N906SW;2001
N907SW;2001
N908SW;2001
N909SW;2001
N910AT;2001
N910SW;2001
N912SW;2001
N913SW;2001
N915AT;2001
N919AT;2001
N937AT;2001
N958AT;2001
N959AT;2001
N960AT;2001
N961AT;2001
N963AT;2001
N964AT;2001
N965AT;2001
N966AT;2001
N967AT;2001
N968AT;2001
N969AT;2001
N970AT;2001
N970EV;2001
N971AT;2001
N971EV;2001
N972AT;2001
N972EV;2001
N974EV;2001
N975EV;2001
N976EV;2001
N985AT;2001
N986AT;2001
N987AT;2001
N988AT;2001
N989AT;2001
N990AT;2001
N10575;2002
N11106;2002
N11107;2002
N11109;2002
N11113;2002
N11119;2002
N11544;2002
N11547;2002
N11548;2002
N11551;2002
N11565;2002
N12552;2002
N12563;2002
N12564;2002
N12567;2002
N12569;2002
N13118;2002
N13550;2002
N13553;2002
N13566;2002
N14105;2002
N14116;2002
N14117;2002
N14543;2002
N14562;2002
N14568;2002
N14570;2002
N14573;2002
N15572;2002
N16112;2002
N16546;2002
N16559;2002
N16561;2002
N16571;2002
N17108;2002
N17115;2002
N17560;2002
N18101;2002
N18102;2002
N18114;2002
N184US;2002
N18556;2002
N185UW;2002
N186US;2002
N187US;2002
N188US;2002
N19554;2002
N226UA;2002
N227UA;2002
N228UA;2002
N229UA;2002
N24103;2002
N26545;2002
N26549;2002
N31412;2002
N315AS;2002
N317CA;2002
N331CA;2002
N334NB;2002
N335NB;2002
N336NB;2002
N337NB;2002
N338NB;2002
N339NB;2002
N340CA;2002
N340NB;2002
N34110;2002
N34111;2002
N341NB;2002
N342NB;2002
N343NB;2002
N344NB;2002
N346NB;2002
N347NB;2002
N348NB;2002
N349NB;2002
N351NB;2002
N352NB;2002
N353NB;2002
N354CA;2002
N354NB;2002
N355CA;2002
N355NB;2002
N357NB;2002
N367CA;2002
N37018;2002
N37274;2002
N37277;2002
N375NC;2002
N3768;2002
N3769L;2002
N376NW;2002
N37700;2002
N3771K;2002
N41104;2002
N422WN;2002
N423WN;2002
N424WN;2002
N425LV;2002
N426WN;2002
N427WN;2002
N428WN;2002
N429WN;2002
N430WN;2002
N431WN;2002
N441SW;2002
N442SW;2002
N445SW;2002
N446SW;2002
N447SW;2002
N448SW;2002
N449SW;2002
N452SW;2002
N455CA;2002
N471CA;2002
N472CA;2002
N477CA;2002
N479CA;2002
N487CA;2002
N487UA;2002
N488UA;2002
N489UA;2002
N490UA;2002
N491UA;2002
N492UA;2002
N493UA;2002
N494UA;2002
N495UA;2002
N496UA;2002
N497UA;2002
N498UA;2002
N501MJ;2002
N502MJ;2002
N503AE;2002
N503MJ;2002
N504MJ;2002
N505AE;2002
N505MJ;2002
N506AE;2002
N506MJ;2002
N507AE;2002
N508AE;2002
N534JB;2002
N535JB;2002
N536JB;2002
N546JB;2002
N547JB;2002
N548JB;2002
N550JB;2002
N552JB;2002
N554JB;2002
N555NW;2002
N556JB;2002
N556NW;2002
N557NW;2002
N57868;2002
N57869;2002
N581NW;2002
N582NW;2002
N583NW;2002
N584NW;2002
N585NW;2002
N586NW;2002
N587HA;2002
N587NW;2002
N588HA;2002
N589HA;2002
N590HA;2002
N609SK;2002
N611SK;2002
N613SK;2002
N614SK;2002
N66057;2002
N667AW;2002
N668AW;2002
N669AW;2002
N67058;2002
N675BR;2002
N68061;2002
N680BR;2002
N681BR;2002
N682BR;2002
N683BR;2002
N684BR;2002
N685BR;2002
N69059;2002
N69063;2002
N706EV;2002
N707EV;2002
N708EV;2002
N709EV;2002
N710EV;2002
N712EV;2002
N71411;2002
N717JL;2002
N73275;2002
N73276;2002
N75853;2002
N75854;2002
N76062;2002
N76064;2002
N76065;2002
N77066;2002
N77865;2002
N77867;2002
N78017;2002
N78060;2002
N78866;2002
N815AE;2002
N816AE;2002
N817AE;2002
N818AE;2002
N819AE;2002
N820AE;2002
N821AE;2002
N822AE;2002
N823AE;2002
N824AE;2002
N825AE;2002
N826AE;2002
N827AE;2002
N828AE;2002
N829AE;2002
N830AE;2002
N831AE;2002
N832AE;2002
N833AE;2002
N833AW;2002
N834AE;2002
N835AE;2002
N836AE;2002
N837AE;2002
N838AE;2002
N839AE;2002
N840AE;2002
N841AE;2002
N842AE;2002
N843MH;2002
N844MH;2002
N845MH;2002
N848UA;2002
N849UA;2002
N850UA;2002
N851UA;2002
N852UA;2002
N853UA;2002
N854UA;2002
N855UA;2002
N867DA;2002
N878AS;2002
N879AS;2002
N880AS;2002
N900EV;2002
N901EV;2002
N902EV;2002
N903EV;2002
N904EV;2002
N905EV;2002
N906FR;2002
N907FR;2002
N908EV;2002
N908FR;2002
N909EV;2002
N909FR;2002
N910EV;2002
N910FR;2002
N912EV;2002
N912FR;2002
N913EV;2002
N913FR;2002
N914FR;2002
N915FR;2002
N916FR;2002
N916SW;2002
N919SW;2002
N920SW;2002
N923SW;2002
N924SW;2002
N925SW;2002
N926SW;2002
N927SW;2002
N928SW;2002
N929SW;2002
N930SW;2002
N932SW;2002
N934SW;2002
N935SW;2002
N936SW;2002
N973EV;2002
N974AT;2002
N975AT;2002
N977AT;2002
N977EV;2002
N978AT;2002
N978EV;2002
N979AT;2002
N980AT;2002
N981AT;2002
N982AT;2002
N992AT;2002
N993AT;2002
N994AT;2002
N995AT;2002
N996AT;2002
N997AT;2002
N998AT;2002
N11121;2003
N11127;2003
N11137;2003
N11140;2003
N11150;2003
N12122;2003
N12126;2003
N12135;2003
N12136;2003
N12142;2003
N12145;2003
N13123;2003
N13124;2003
N13132;2003
N13133;2003
N14125;2003
N14143;2003
N14148;2003
N14153;2003
N16147;2003
N16149;2003
N16151;2003
N17138;2003
N17146;2003
N18120;2003
N21129;2003
N21130;2003
N21144;2003
N21154;2003
N23139;2003
N24128;2003
N25134;2003
N26141;2003
N27152;2003
N302AS;2003
N31131;2003
N317AS;2003
N318AS;2003
N319AS;2003
N320AS;2003
N358NB;2003
N359NB;2003
N360NB;2003
N361NB;2003
N36280;2003
N362NB;2003
N363NB;2003
N364NB;2003
N365NB;2003
N366NB;2003
N368CA;2003
N368NB;2003
N369CA;2003
N369NB;2003
N370NB;2003
N371CA;2003
N371NB;2003
N37281;2003
N376CA;2003
N377NW;2003
N378CA;2003
N378NW;2003
N379CA;2003
N390CA;2003
N391CA;2003
N398CA;2003
N432WN;2003
N433LV;2003
N434WN;2003
N435WN;2003
N436WN;2003
N437WN;2003
N438WN;2003
N439WN;2003
N440LV;2003
N441WN;2003
N442WN;2003
N443WN;2003
N444WN;2003
N445WN;2003
N446WN;2003
N447WN;2003
N448WN;2003
N449WN;2003
N453SW;2003
N454SW;2003
N455SW;2003
N457SW;2003
N459SW;2003
N460SW;2003
N461SW;2003
N463SW;2003
N464SW;2003
N465SW;2003
N466SW;2003
N494CA;2003
N495CA;2003
N496CA;2003
N498CA;2003
N506CA;2003
N507CA;2003
N507MJ;2003
N508MJ;2003
N509AE;2003
N509MJ;2003
N510AE;2003
N510CA;2003
N510MJ;2003
N511AE;2003
N511MJ;2003
N512MJ;2003
N513AE;2003
N513MJ;2003
N514AE;2003
N514CA;2003
N514MJ;2003
N515AE;2003
N515MJ;2003
N516AE;2003
N517AE;2003
N518AE;2003
N518CA;2003
N519AE;2003
N523CA;2003
N526CA;2003
N528CA;2003
N558JB;2003
N559JB;2003
N561JB;2003
N562JB;2003
N563JB;2003
N564JB;2003
N565JB;2003
N566JB;2003
N568JB;2003
N569JB;2003
N570JB;2003
N571JB;2003
N579JB;2003
N580JB;2003
N581JB;2003
N582JB;2003
N588NW;2003
N589NW;2003
N590NW;2003
N591HA;2003
N591NW;2003
N592HA;2003
N592NW;2003
N593HA;2003
N593NW;2003
N594NW;2003
N595NW;2003
N596NW;2003
N601AW;2003
N625CA;2003
N641CA;2003
N642CA;2003
N644AS;2003
N647AS;2003
N649AS;2003
N653CA;2003
N656AE;2003
N657AE;2003
N658AE;2003
N659AE;2003
N660CL;2003
N661JA;2003
N686BR;2003
N693BR;2003
N699BR;2003
N709BR;2003
N710BR;2003
N713EV;2003
N716EV;2003
N717EV;2003
N718EV;2003
N719EV;2003
N720EV;2003
N722EV;2003
N79279;2003
N801FR;2003
N801NW;2003
N802FR;2003
N802NW;2003
N803FR;2003
N803NW;2003
N804FR;2003
N804NW;2003
N805NW;2003
N843AE;2003
N844AE;2003
N845AE;2003
N846AE;2003
N847AE;2003
N848AE;2003
N849AE;2003
N850AE;2003
N852AE;2003
N853AE;2003
N854AE;2003
N855AE;2003
N856AE;2003
N857AE;2003
N858AE;2003
N902FJ;2003
N903FJ;2003
N904FJ;2003
N906FJ;2003
N907FJ;2003
N908FJ;2003
N909FJ;2003
N910FJ;2003
N911FJ;2003
N914EV;2003
N915EV;2003
N916EV;2003
N917EV;2003
N917FR;2003
N918FR;2003
N919EV;2003
N919FR;2003
N920EV;2003
N920FR;2003
N921EV;2003
N921FR;2003
N922EV;2003
N922FR;2003
N923EV;2003
N923FR;2003
N924EV;2003
N924FR;2003
N925EV;2003
N926EV;2003
N927EV;2003
N937SW;2003
N938SW;2003
N939SW;2003
N941SW;2003
N943SW;2003
N944SW;2003
N945SW;2003
N946SW;2003
N947SW;2003
N948SW;2003
N951SW;2003
N952SW;2003
N953SW;2003
N954SW;2003
N955SW;2003
N956SW;2003
N957SW;2003
N958SW;2003
N959SW;2003
N960SW;2003
N961SW;2003
N962SW;2003
N963SW;2003
N964SW;2003
N965SW;2003
N967SW;2003
N969SW;2003
N970SW;2003
N979EV;2003
N980EV;2003
N981EV;2003
N10156;2004
N11155;2004
N11164;2004
N11165;2004
N11176;2004
N12157;2004
N12160;2004
N12163;2004
N12166;2004
N12167;2004
N12172;2004
N12175;2004
N126AT;2004
N13161;2004
N14158;2004
N14162;2004
N14168;2004
N14171;2004
N14173;2004
N14174;2004
N149AT;2004
N16170;2004
N166AT;2004
N167AT;2004
N168AT;2004
N169AT;2004
N17159;2004
N17169;2004
N173AT;2004
N174AT;2004
N175AT;2004
N286WN;2004
N323AS;2004
N33284;2004
N33286;2004
N33289;2004
N34282;2004
N37287;2004
N37290;2004
N450WN;2004
N451WN;2004
N452WN;2004
N453WN;2004
N454WN;2004
N455WN;2004
N456WN;2004
N457WN;2004
N458WN;2004
N459WN;2004
N460WN;2004
N461WN;2004
N462WN;2004
N463WN;2004
N464WN;2004
N465WN;2004
N466WN;2004
N467WN;2004
N468WN;2004
N469WN;2004
N470WN;2004
N472WN;2004
N473WN;2004
N474WN;2004
N475WN;2004
N476WN;2004
N477WN;2004
N478WN;2004
N479WN;2004
N480WN;2004
N481WN;2004
N482WN;2004
N483WN;2004
N484WN;2004
N485WN;2004
N486WN;2004
N487WN;2004
N488WN;2004
N489WN;2004
N490WN;2004
N491WN;2004
N492WN;2004
N493WN;2004
N494WN;2004
N495WN;2004
N496WN;2004
N497WN;2004
N520DC;2004
N521AE;2004
N522AE;2004
N523AE;2004
N524AE;2004
N56859;2004
N57855;2004
N57857;2004
N583JB;2004
N585JB;2004
N586JB;2004
N587JB;2004
N588JB;2004
N589JB;2004
N590JB;2004
N591JB;2004
N592JB;2004
N593JB;2004
N594JB;2004
N595JB;2004
N597JB;2004
N598JB;2004
N599JB;2004
N656CA;2004
N658CA;2004
N659CA;2004
N662EH;2004
N663AR;2004
N664MS;2004
N665BC;2004
N667GB;2004
N668CA;2004
N668HH;2004
N669CA;2004
N669MB;2004
N670AE;2004
N671AE;2004
N672AE;2004
N672AW;2004
N673AE;2004
N674RJ;2004
N675AE;2004
N676AE;2004
N677AE;2004
N678AE;2004
N679AE;2004
N680AE;2004
N681AE;2004
N682AE;2004
N683AE;2004
N684JW;2004
N685AE;2004
N686AE;2004
N687JS;2004
N688AE;2004
N689EC;2004
N690AE;2004
N691AE;2004
N692AE;2004
N693AE;2004
N694AE;2004
N695AE;2004
N696AE;2004
N697AB;2004
N698CB;2004
N701SK;2004
N702SK;2004
N703SK;2004
N705SK;2004
N706SK;2004
N708SK;2004
N709SK;2004
N710SK;2004
N712SK;2004
N713SK;2004
N715SK;2004
N716SK;2004
N718SK;2004
N719SK;2004
N723EV;2004
N724EV;2004
N724SK;2004
N730EV;2004
N73283;2004
N73291;2004
N738EV;2004
N740EV;2004
N741EV;2004
N744EV;2004
N74856;2004
N748EV;2004
N750EV;2004
N751AL;2004
N751EV;2004
N753EV;2004
N754EV;2004
N75858;2004
N76288;2004
N78285;2004
N805FR;2004
N806FR;2004
N806NW;2004
N807FR;2004
N807NW;2004
N808NW;2004
N852NW;2004
N853NW;2004
N854NW;2004
N855NW;2004
N856NW;2004
N857NW;2004
N891AT;2004
N892AT;2004
N893AT;2004
N894AT;2004
N895AT;2004
N900AE;2004
N912FJ;2004
N913FJ;2004
N914FJ;2004
N916FJ;2004
N917FJ;2004
N918FJ;2004
N919FJ;2004
N920FJ;2004
N921FJ;2004
N922FJ;2004
N923FJ;2004
N924FJ;2004
N925FJ;2004
N925FR;2004
N926FR;2004
N926LR;2004
N927FR;2004
N928EV;2004
N928FR;2004
N929EV;2004
N929FR;2004
N930FR;2004
N931FR;2004
N932FR;2004
N933FR;2004
N934FR;2004
N935FR;2004
N971SW;2004
N973SW;2004
N975SW;2004
N976SW;2004
N978SW;2004
N979SW;2004
N980SW;2004
N982SW;2004
N983SW;2004
N986SW;2004
N11181;2005
N11184;2005
N11187;2005
N11189;2005
N11191;2005
N11192;2005
N11193;2005
N11194;2005
N12195;2005
N14177;2005
N14179;2005
N14180;2005
N14186;2005
N14188;2005
N16178;2005
N16183;2005
N17185;2005
N17196;2005
N176AT;2005
N178JB;2005
N179JB;2005
N183JB;2005
N184AT;2005
N184JB;2005
N187JB;2005
N190JB;2005
N192JB;2005
N193JB;2005
N200WN;2005
N201LV;2005
N202WN;2005
N203WN;2005
N204WN;2005
N205WN;2005
N206WN;2005
N207WN;2005
N208WN;2005
N209WN;2005
N210WN;2005
N211WN;2005
N212WN;2005
N213WN;2005
N214WN;2005
N215WN;2005
N216WR;2005
N217JC;2005
N218WN;2005
N219WN;2005
N220WN;2005
N221WN;2005
N222WN;2005
N223WN;2005
N224WN;2005
N225WN;2005
N226WN;2005
N227WN;2005
N228WN;2005
N238WN;2005
N240AT;2005
N261AT;2005
N267AT;2005
N268AT;2005
N27190;2005
N272AT;2005
N273AT;2005
N276AT;2005
N278AT;2005
N279AT;2005
N33182;2005
N33294;2005
N37293;2005
N37298;2005
N39297;2005
N498WN;2005
N499WN;2005
N546AS;2005
N548AS;2005
N549AS;2005
N603JB;2005
N605JB;2005
N606JB;2005
N607JB;2005
N608JB;2005
N612JB;2005
N613JB;2005
N615JB;2005
N618JB;2005
N621JB;2005
N623JB;2005
N624JB;2005
N625JB;2005
N627JB;2005
N629JB;2005
N630JB;2005
N674AW;2005
N675AW;2005
N676AW;2005
N677AW;2005
N678AW;2005
N679AW;2005
N680AW;2005
N699AE;2005
N726SK;2005
N727SK;2005
N728SK;2005
N730SK;2005
N73299;2005
N732SK;2005
N738SK;2005
N740SK;2005
N742SK;2005
N743SK;2005
N744SK;2005
N745SK;2005
N746SK;2005
N748SK;2005
N750SK;2005
N751SK;2005
N752SK;2005
N753SK;2005
N754SK;2005
N755SK;2005
N756SK;2005
N758EV;2005
N758SK;2005
N759EV;2005
N760EV;2005
N760SK;2005
N762SK;2005
N763SK;2005
N764SK;2005
N765SK;2005
N766SK;2005
N767SK;2005
N768SK;2005
N77295;2005
N77296;2005
N772SK;2005
N773SK;2005
N809NW;2005
N810NW;2005
N811NW;2005
N836AW;2005
N837AW;2005
N838AW;2005
N896AT;2005
N899AT;2005
N902BC;2005
N905JH;2005
N906AE;2005
N907AE;2005
N908AE;2005
N909AE;2005
N918AE;2005
N922AE;2005
N922AT;2005
N923AE;2005
N923AT;2005
N925AE;2005
N927LR;2005
N928AE;2005
N928LR;2005
N929LR;2005
N930LR;2005
N931AE;2005
N931EV;2005
N931LR;2005
N932AE;2005
N932EV;2005
N932LR;2005
N933EV;2005
N933JN;2005
N933LR;2005
N934EV;2005
N934FJ;2005
N935AE;2005
N935EV;2005
N935LR;2005
N936EV;2005
N936FR;2005
N937EV;2005
N937FR;2005
N938FR;2005
N938LR;2005
N939AE;2005
N939FR;2005
N939LR;2005
N941FR;2005
N941LT;2005
N942FR;2005
N942LR;2005
N943FR;2005
N956LR;2005
N11199;2006
N12201;2006
N13202;2006
N14198;2006
N14203;2006
N14204;2006
N197JB;2006
N198JB;2006
N203JB;2006
N206JB;2006
N21197;2006
N216JB;2006
N228JB;2006
N229JB;2006
N229WN;2006
N230WN;2006
N231JB;2006
N231WN;2006
N232WN;2006
N233LV;2006
N234WN;2006
N235WN;2006
N236JB;2006
N236WN;2006
N237WN;2006
N239JB;2006
N239WN;2006
N240WN;2006
N241WN;2006
N242WN;2006
N243WN;2006
N244WN;2006
N245WN;2006
N246LV;2006
N247JB;2006
N247WN;2006
N248WN;2006
N249JB;2006
N249WN;2006
N250WN;2006
N251WN;2006
N252WN;2006
N253WN;2006
N254WN;2006
N255WN;2006
N256WN;2006
N257WN;2006
N258JB;2006
N258WN;2006
N259WN;2006
N260WN;2006
N261WN;2006
N262WN;2006
N265JB;2006
N27200;2006
N281AT;2006
N283AT;2006
N284AT;2006
N285AT;2006
N286AT;2006
N287AT;2006
N288AT;2006
N289AT;2006
N290AT;2006
N291AT;2006
N292AT;2006
N295AT;2006
N296AT;2006
N299AT;2006
N300AT;2006
N307AT;2006
N308AT;2006
N309AT;2006
N311AT;2006
N312AT;2006
N516LR;2006
N518LR;2006
N519LR;2006
N521LR;2006
N522LR;2006
N551AS;2006
N552AS;2006
N553AS;2006
N556AS;2006
N557AS;2006
N558AS;2006
N559AS;2006
N560AS;2006
N562AS;2006
N563AS;2006
N564AS;2006
N565AS;2006
N603SK;2006
N604SK;2006
N606SK;2006
N607SK;2006
N608SK;2006
N632JB;2006
N633JB;2006
N634JB;2006
N635JB;2006
N636JB;2006
N637JB;2006
N638JB;2006
N639JB;2006
N640JB;2006
N641JB;2006
N643JB;2006
N644JB;2006
N645JB;2006
N646JB;2006
N648JB;2006
N649JB;2006
N692CA;2006
N693CA;2006
N695CA;2006
N76502;2006
N76504;2006
N770SK;2006
N771SK;2006
N774SK;2006
N776SK;2006
N778SK;2006
N78501;2006
N78506;2006
N800SK;2006
N802SK;2006
N803SK;2006
N804SK;2006
N805SK;2006
N806SK;2006
N807SK;2006
N809SK;2006
N810SK;2006
N812NW;2006
N812SK;2006
N813SK;2006
N814SK;2006
N815SK;2006
N816SK;2006
N817SK;2006
N820SK;2006
N839AW;2006
N840AW;2006
N859NW;2006
N944FR;2006
N944UW;2006
N945FR;2006
N946FR;2006
N947FR;2006
N948FR;2006
N949FR;2006
N263WN;2007
N264LV;2007
N265WN;2007
N266JB;2007
N266WN;2007
N267JB;2007
N267WN;2007
N268WN;2007
N269WN;2007
N272WN;2007
N273JB;2007
N273WN;2007
N274JB;2007
N274WN;2007
N275WN;2007
N276WN;2007
N277WN;2007
N278WN;2007
N279JB;2007
N279WN;2007
N280WN;2007
N281JB;2007
N281WN;2007
N282WN;2007
N283JB;2007
N283WN;2007
N284WN;2007
N285WN;2007
N287WN;2007
N288WN;2007
N289CT;2007
N290WN;2007
N291WN;2007
N292WN;2007
N294WN;2007
N295WN;2007
N296WN;2007
N297WN;2007
N313AT;2007
N315AT;2007
N316AT;2007
N317AT;2007
N318AT;2007
N326AT;2007
N329AT;2007
N330AT;2007
N331AT;2007
N394AA;2007
N395AA;2007
N544AA;2007
N566AS;2007
N568AS;2007
N569AS;2007
N570AS;2007
N577AS;2007
N579AS;2007
N581AS;2007
N583AS;2007
N584AS;2007
N585AS;2007
N586AS;2007
N588AS;2007
N589AS;2007
N651JB;2007
N652JB;2007
N653JB;2007
N655JB;2007
N656JB;2007
N657JB;2007
N658JB;2007
N659JB;2007
N661JB;2007
N662JB;2007
N663JB;2007
N665JB;2007
N676CA;2007
N678CA;2007
N679CA;2007
N689CA;2007
N691CA;2007
N77019;2007
N808FR;2007
N809FR;2007
N810FR;2007
N812FR;2007
N814NW;2007
N815NW;2007
N816NW;2007
N817NW;2007
N818NW;2007
N819NW;2007
N820NW;2007
N821NW;2007
N821SK;2007
N900WN;2007
N901WN;2007
N902WN;2007
N946UW;2007
N947UW;2007
N948UW;2007
N949UW;2007
N950FR;2007
N950UW;2007
N951UW;2007
N952UW;2007
N953UW;2007
N954UW;2007
N202FR;2008
N288JB;2008
N290JB;2008
N336AT;2008
N337AT;2008
N338AT;2008
N344AT;2008
N37419;2008
N38417;2008
N39415;2008
N39416;2008
N39418;2008
N538CA;2008
N548CA;2008
N549CA;2008
N554CA;2008
N582CA;2008
N592AS;2008
N593AS;2008
N594AS;2008
N701DN;2008
N702DN;2008
N703JB;2008
N705JB;2008
N706JB;2008
N76508;2008
N78509;2008
N908WN;2008
N909WN;2008
N910WN;2008
N912WN;2008
N913WN;2008
N914WN;2008
N915WN;2008
N916WN;2008
N955UW;2008
N956UW;2008
