id;tailnum
21;N10156
7;N102UW
12;N10323
7;N103US
12;N104UA
7;N104UW
21;N10575
12;N105UA
7;N105UW
7;N106US
12;N107UA
7;N107US
7;N108UW
7;N109UW
7;N110UW
21;N11106
21;N11107
21;N11109
21;N11113
21;N11119
21;N11121
21;N11127
21;N11137
21;N11140
21;N11150
21;N11155
21;N11164
21;N11165
21;N11176
21;N11181
21;N11184
21;N11187
21;N11189
21;N11191
21;N11192
21;N11193
21;N11194
21;N11199
7;N111US
12;N11206
7;N112US
7;N113UW
7;N114UW
21;N11526
21;N11535
21;N11536
21;N11539
21;N11544
21;N11547
21;N11548
21;N11551
21;N11565
12;N11612
12;N11641
12;N11651
12;N11656
12;N116UA
12;N117UA
7;N117UW
7;N118US
12;N119UA
7;N119US
12;N1200K
12;N1201P
12;N120UA
12;N12109
12;N12114
12;N12116
21;N12122
12;N12125
21;N12126
21;N12135
21;N12136
21;N12142
21;N12145
21;N12157
21;N12160
21;N12163
21;N12166
21;N12167
21;N12172
21;N12175
21;N12195
12;N121DE
12;N121UA
7;N121UW
21;N12201
12;N12216
12;N12218
12;N12221
12;N12225
12;N12238
12;N122UA
7;N122US
12;N12313
12;N12318
12;N12319
12;N12322
12;N12327
12;N12349
7;N123UW
12;N124DE
7;N124US
21;N12519
21;N12528
21;N12530
21;N12540
21;N12552
21;N12563
21;N12564
21;N12567
21;N12569
12;N125DL
12;N126AT
12;N126DL
12;N127DL
12;N128DL
12;N128UA
21;N12900
21;N12921
21;N12922
21;N12924
21;N12934
21;N12946
21;N12957
21;N12967
21;N12996
12;N129DL
20;N1309T
12;N130DL
12;N13110
12;N13113
21;N13118
21;N13123
21;N13124
21;N13132
21;N13133
12;N13138
21;N13161
12;N131DN
21;N13202
12;N13248
12;N132DN
29;N1332U
20;N1334U
12;N133DN
12;N134DL
21;N13538
21;N13550
21;N13553
21;N13566
12;N135DL
12;N13624
12;N136DL
12;N13716
12;N13718
12;N13720
12;N13750
12;N137DL
12;N138DL
21;N13903
21;N13908
21;N13913
21;N13914
21;N13929
21;N13935
21;N13936
21;N13949
21;N13955
21;N13956
21;N13958
21;N13964
21;N13965
21;N13968
21;N13969
21;N13970
21;N13975
21;N13978
21;N13979
21;N13988
21;N13989
21;N13990
21;N13992
21;N13994
21;N13995
21;N13997
12;N139DL
12;N1402A
12;N140LL
12;N14102
21;N14105
12;N14106
12;N14107
12;N14115
21;N14116
21;N14117
12;N14118
12;N14120
12;N14121
21;N14125
21;N14143
21;N14148
21;N14153
21;N14158
21;N14162
21;N14168
21;N14171
21;N14173
21;N14174
21;N14177
21;N14179
21;N14180
21;N14186
21;N14188
21;N14198
21;N14203
21;N14204
12;N14214
12;N14219
12;N14230
12;N14231
12;N14237
12;N14242
12;N14250
12;N14308
12;N14320
12;N14324
12;N14325
12;N14334
12;N14335
12;N14336
12;N14337
12;N14341
12;N14342
12;N14346
12;N14347
12;N14358
12;N143DA
12;N144DA
21;N14505
21;N14508
21;N14514
21;N14516
21;N14522
21;N14542
21;N14543
21;N14558
21;N14562
21;N14568
21;N14570
21;N14573
12;N14601
12;N14604
12;N14605
12;N14609
12;N14613
12;N14628
12;N14629
12;N14639
12;N14645
12;N14652
12;N14653
12;N14654
12;N14655
12;N14664
12;N14667
12;N14668
12;N14704
12;N14731
12;N14735
21;N14902
21;N14904
21;N14905
21;N14907
21;N14916
21;N14920
21;N14923
21;N14925
21;N14930
21;N14933
21;N14937
21;N14938
21;N14939
21;N14940
21;N14942
21;N14943
21;N14945
21;N14947
21;N14950
21;N14952
21;N14953
21;N14959
21;N14960
21;N14972
21;N14974
21;N14977
21;N14991
21;N14993
21;N14998
12;N149AT
12;N1501P
12;N152DL
12;N153DL
12;N154AW
12;N154DL
15;N154SF
21;N15509
21;N15527
21;N15555
21;N15572
21;N15574
12;N155AW
12;N155DL
12;N15659
12;N156AW
12;N156DL
12;N15710
12;N15712
12;N157AW
12;N158AW
21;N15910
21;N15912
21;N15926
21;N15932
21;N15941
21;N15948
21;N15973
21;N15980
21;N15983
21;N15985
21;N15986
12;N1602
12;N1603
12;N1604R
12;N1605
12;N16065
12;N1607B
12;N1608
12;N1609
12;N160AW
12;N1610D
21;N16112
12;N1611B
12;N1612T
12;N1613B
21;N16147
21;N16149
21;N16151
21;N16170
21;N16178
21;N16183
7;N161UW
12;N16217
12;N16234
7;N162UW
12;N16301
12;N16310
12;N16339
7;N163US
12;N164AW
21;N16501
21;N16502
21;N16510
21;N16511
21;N16520
21;N16525
21;N16541
21;N16546
21;N16559
21;N16561
21;N16571
7;N165US
12;N16607
12;N16618
12;N16632
12;N16642
12;N16646
12;N16647
12;N16648
12;N16649
12;N16650
12;N166AT
12;N166AW
12;N16701
12;N16703
12;N16709
12;N16713
12;N16732
12;N167AT
7;N167US
12;N168AT
12;N168AW
21;N16911
21;N16918
21;N16919
21;N16927
21;N16944
21;N16951
21;N16954
21;N16961
21;N16963
21;N16976
21;N16981
21;N16987
21;N16999
12;N169AT
12;N169DZ
7;N169UW
7;N170US
12;N17104
12;N17105
21;N17108
21;N17115
12;N17122
12;N17126
12;N17128
12;N17133
21;N17138
12;N17139
21;N17146
15;N17156
21;N17159
21;N17169
15;N17175
21;N17185
21;N17196
12;N171DN
12;N171DZ
7;N171US
12;N17229
15;N17231
12;N17233
12;N17244
12;N17245
14;N17275
12;N172DN
12;N172DZ
7;N172US
12;N17321
12;N17326
12;N17328
12;N17329
14;N17337
12;N17344
12;N17345
12;N17356
14;N17358
12;N173AT
12;N173DN
12;N173DZ
12;N173UA
7;N173US
12;N174AT
12;N174DN
12;N174DZ
12;N174UA
7;N174US
21;N17507
21;N17513
21;N17521
21;N17524
21;N17560
12;N175AT
12;N175AW
12;N175DN
12;N175DZ
12;N175UA
12;N17619
12;N17620
12;N17627
12;N17640
12;N17644
12;N17663
12;N176AT
12;N176DN
12;N176DZ
7;N176UW
12;N17719
12;N17730
12;N177DN
12;N177DZ
12;N177UA
7;N177US
12;N178DN
12;N178DZ
21;N178JB
12;N178UA
7;N178US
21;N17928
21;N17984
20;N1799U
12;N179DN
21;N179JB
12;N179UA
7;N179UW
12;N180DN
12;N180UA
7;N180US
21;N18101
21;N18102
12;N18112
21;N18114
12;N18119
21;N18120
12;N181DN
12;N181UA
7;N181UW
12;N18220
12;N18223
12;N18243
12;N182DN
12;N182UA
7;N182UW
12;N18350
12;N183DN
21;N183JB
7;N183UW
12;N184AT
12;N184DN
21;N184JB
7;N184US
21;N18556
21;N18557
12;N185DN
7;N185UW
12;N18611
12;N18622
12;N18658
12;N186DN
6;N186US
12;N187DN
21;N187JB
12;N187UA
6;N187US
12;N188DN
6;N188US
21;N18982
12;N189DN
7;N189UW
12;N190DN
21;N190JB
7;N190UW
12;N19117
12;N19130
12;N19136
12;N19141
12;N191DN
7;N191UW
12;N192DN
21;N192JB
7;N192UW
12;N19357
12;N193DN
21;N193JB
12;N194DN
21;N19503
21;N19554
12;N195DN
12;N195UA
12;N19621
12;N19623
12;N19638
12;N196DN
12;N196UA
12;N197DN
21;N197JB
12;N197UA
12;N198DN
21;N198JB
21;N19966
12;N199DN
12;N199UA
12;N200UU
12;N200WN
16;N201AA
6;N201FR
12;N201LV
12;N201UU
16;N202AA
6;N202FR
12;N202UA
12;N202UW
12;N202WN
21;N203JB
12;N203UA
12;N203UW
12;N203WN
12;N204UA
12;N204UW
12;N204WN
12;N205UW
12;N205WN
21;N206JB
12;N206UA
12;N206UW
12;N206WN
29;N207AA
12;N207WN
29;N208AA
12;N208WN
12;N209UA
12;N209WN
12;N210UA
12;N210WN
12;N21108
21;N21129
21;N21130
21;N21144
21;N21154
21;N21197
36;N211NE
12;N211UA
12;N211WN
12;N212UA
12;N212WN
12;N213UA
12;N213WN
29;N214AA
12;N214UA
12;N214WN
21;N21537
21;N215SW
12;N215UA
12;N215WN
21;N216JB
21;N216SW
12;N216UA
12;N216WR
12;N21723
12;N217JC
21;N217SW
12;N217UA
29;N218AA
36;N218AE
21;N218SW
12;N218UA
12;N218WN
29;N219AA
36;N219AE
12;N219UA
12;N219WN
21;N220SW
12;N220UA
12;N220WN
21;N221SW
12;N221UA
12;N221WN
12;N222UA
12;N222WN
29;N223AA
21;N223SW
12;N223UA
12;N223WN
21;N224SW
12;N224UA
12;N224WN
12;N225UA
12;N225WN
21;N226SW
12;N226UA
12;N226WN
29;N227AA
21;N227SW
12;N227UA
12;N227WN
21;N228JB
12;N228UA
12;N228WN
21;N22909
21;N22971
21;N229JB
21;N229SW
12;N229UA
12;N229WN
12;N230WN
21;N23139
21;N231JB
12;N231WN
29;N232AA
36;N232AE
21;N232SW
12;N232WN
29;N233AA
12;N233LV
21;N233SW
29;N234AA
21;N234SW
12;N234WN
21;N235SW
12;N235WN
12;N23661
29;N236AA
36;N236AE
21;N236JB
21;N236SW
12;N236WN
12;N23707
12;N23708
12;N23721
29;N237AA
21;N237SW
12;N237WN
36;N238AE
21;N238JB
12;N238WN
21;N239JB
12;N239WN
12;N240AT
36;N240DS
12;N240WN
21;N24103
21;N24128
29;N241AA
12;N241WN
12;N24202
12;N24211
12;N24212
12;N24224
29;N242AA
12;N242WN
12;N243WN
29;N244AA
12;N244WN
21;N24517
29;N245AA
12;N245AY
12;N245WN
12;N24633
29;N246AA
12;N246AY
12;N246LV
12;N24702
12;N24706
12;N24715
12;N24729
12;N24736
21;N247JB
12;N247WN
29;N248AA
12;N248AY
12;N248WN
29;N249AA
12;N249AU
21;N249JB
12;N249WN
36;N250AE
12;N250AY
12;N250WN
21;N250YV
21;N25134
29;N251AA
12;N251AY
12;N251WN
21;N251YV
12;N252AU
12;N252WN
36;N253AE
12;N253AY
12;N253WN
12;N254WN
21;N25504
29;N255AA
12;N255AY
12;N255WN
12;N256AY
12;N256WN
12;N25705
12;N257WN
29;N258AA
21;N258JB
12;N258WN
29;N259AA
12;N259WN
12;N260WN
12;N26123
21;N26141
12;N261AT
12;N261WN
12;N26208
12;N26210
12;N26215
12;N26226
29;N262AA
12;N262WN
36;N263AE
12;N263WN
12;N264LV
21;N26545
21;N26549
21;N265JB
12;N265WN
29;N266AA
36;N266AE
21;N266JB
12;N266WN
12;N267AT
21;N267JB
12;N267WN
12;N268AT
12;N268WN
12;N269WN
12;N27015
7;N270AY
12;N270WN
21;N270YV
21;N27152
15;N27172
15;N27173
15;N27185
21;N27190
15;N27191
29;N271AA
7;N271AY
10;N271WN
21;N271YV
21;N27200
12;N27205
12;N27213
12;N27239
12;N272AT
7;N272AY
12;N272WN
14;N27314
14;N27318
36;N273AE
12;N273AT
7;N273AY
21;N273JB
12;N273WN
29;N274AA
7;N274AY
21;N274JB
12;N274WN
21;N27506
21;N27512
21;N27523
7;N275AY
12;N275WN
12;N27610
12;N276AT
7;N276AY
12;N276WN
12;N27722
12;N27724
12;N27733
12;N27734
7;N277AY
12;N277WN
29;N278AA
12;N278AT
7;N278AY
12;N278WN
21;N27962
29;N279AA
12;N279AT
21;N279JB
12;N279WN
12;N280WN
12;N281AT
21;N281JB
12;N281WN
12;N282WN
29;N283AA
12;N283AT
21;N283JB
12;N283WN
12;N284AT
21;N284JB
12;N284WN
21;N284YV
21;N28518
21;N28529
12;N285AT
12;N285WN
36;N286AE
12;N286AT
12;N286WN
29;N287AA
12;N287AT
12;N287WN
12;N288AT
21;N288JB
21;N288SW
12;N288WN
29;N289AA
12;N289AT
12;N289CT
21;N289JB
21;N289YV
29;N290AA
12;N290AT
21;N290JB
21;N290SW
12;N290WN
12;N29124
12;N29129
29;N291AA
12;N291AT
21;N291SW
12;N291WN
29;N292AA
12;N292AT
21;N292SW
21;N292UX
12;N292WN
16;N293
29;N293AA
21;N293SW
21;N294SW
12;N294WN
21;N29515
12;N295AT
21;N295SW
21;N295UX
12;N295WN
12;N296AT
21;N296SW
12;N296WN
12;N29717
29;N297AA
21;N297SW
12;N297WN
29;N298AA
36;N298AE
21;N298SW
12;N298WN
21;N29906
21;N29917
12;N299AT
21;N299SW
12;N299WN
12;N300AT
12;N300SW
36;N301AE
7;N301NB
12;N301SW
12;N301UA
7;N301US
21;N301YV
12;N302AS
12;N302AW
7;N302NB
12;N302SW
12;N302UA
12;N303AS
12;N303AW
12;N303SW
12;N303UA
7;N303US
12;N30401
36;N304AE
12;N304SW
12;N304UA
7;N304US
12;N305AS
12;N305AW
12;N305SW
12;N305UA
7;N305US
12;N306AS
12;N306AW
12;N306SW
12;N306UA
36;N307AE
12;N307AS
12;N307AT
12;N307AW
12;N307SW
12;N307UA
12;N308AT
12;N308AW
12;N308SA
21;N308SW
12;N308UA
12;N309AS
12;N309AT
12;N309AW
12;N309SW
12;N309UA
7;N309US
7;N310NW
12;N310SW
12;N310UA
21;N31131
12;N311AT
12;N311AW
12;N311SW
12;N311UA
7;N311US
12;N312AT
12;N312SW
12;N312UA
7;N312US
36;N313AE
12;N313AT
12;N313AW
12;N313SW
12;N313UA
7;N313US
12;N31412
12;N314AW
7;N314NB
12;N314SW
12;N314UA
7;N314US
12;N315AS
12;N315AT
12;N315AW
7;N315NB
12;N315SW
12;N315UA
7;N315US
12;N316AT
12;N316AW
7;N316NB
12;N316SW
7;N316US
36;N317AE
12;N317AS
12;N317AT
14;N317CA
7;N317NB
7;N317US
12;N317WN
12;N318AS
12;N318AT
7;N318NB
12;N318SW
12;N318UA
7;N318US
12;N319AA
12;N319AS
7;N319NB
7;N319US
12;N320AA
36;N320AE
12;N320AS
7;N320NB
7;N320US
12;N321AA
7;N321NB
7;N321US
12;N322AA
12;N322AW
7;N322NB
12;N322SW
7;N322US
12;N323AA
36;N323AE
12;N323AS
7;N323NB
12;N323SW
7;N323US
12;N32404
12;N324AA
36;N324AE
7;N324NB
12;N324SW
7;N324US
12;N325AA
7;N325NB
12;N325SW
12;N325UA
7;N325US
12;N32626
12;N326AT
7;N326NB
12;N326SW
12;N326UA
7;N326US
12;N327AA
7;N327NB
7;N327NW
12;N327SW
12;N327UA
12;N328AA
12;N328AT
7;N328NB
7;N328NW
12;N328SW
12;N328UA
12;N329AA
36;N329AE
12;N329AT
7;N329NB
7;N329NW
12;N329SW
12;N329UA
12;N330AT
7;N330NB
7;N330NW
12;N330SW
12;N330UA
12;N33103
12;N33132
21;N33182
12;N331AT
14;N331CA
7;N331NB
7;N331NW
12;N331SW
12;N331UA
12;N33203
12;N33209
20;N3324L
12;N33262
12;N33264
12;N33266
12;N33284
12;N33286
12;N33289
12;N33292
12;N33294
12;N332AA
12;N332AW
7;N332NB
7;N332NW
12;N332SW
12;N332UA
7;N333NB
7;N333NW
12;N333SW
12;N333UA
12;N334AW
7;N334NB
7;N334NW
12;N334SW
12;N334UA
12;N335AA
7;N335NB
7;N335NW
12;N335SW
12;N335UA
12;N33608
12;N336AA
12;N336AT
7;N336NB
7;N336NW
12;N336SW
12;N336UA
12;N33714
12;N337AT
7;N337NB
7;N337NW
12;N337SW
12;N337UA
12;N338AA
12;N338AT
6;N338NB
7;N338NW
12;N338SW
12;N338UA
12;N339AA
6;N339NB
7;N339NW
12;N339SW
12;N339UA
14;N340CA
12;N340LV
6;N340NB
7;N340NW
36;N340RC
12;N340UA
21;N34110
21;N34111
12;N34131
12;N34137
6;N341NB
7;N341NW
12;N341SW
12;N341UA
12;N34222
12;N34282
6;N342NB
7;N342NW
12;N342SW
12;N342UA
37;N343AA
6;N343NB
7;N343NW
12;N343SW
24;N344AA
12;N344AT
6;N344NB
7;N344NW
12;N344SW
24;N345AA
6;N345NB
7;N345NW
12;N345SA
6;N346NB
12;N346SW
12;N346UA
37;N347AA
6;N347NB
7;N347NW
12;N347SW
12;N347UA
37;N348AA
6;N348NB
7;N348NW
12;N348SW
12;N348UA
3;N349AA
6;N349NB
7;N349NW
12;N349SW
12;N349UA
34;N350AA
7;N350NA
12;N350SW
12;N350UA
12;N351AA
6;N351NB
7;N351NW
12;N351SW
12;N351UA
12;N35204
12;N35260
12;N35271
12;N352AA
6;N352NB
7;N352NW
12;N352SW
12;N353AA
6;N353NB
7;N353NW
12;N353SW
12;N35407
12;N354AA
14;N354CA
6;N354NB
7;N354NW
12;N354SW
12;N355AA
14;N355CA
6;N355NB
7;N355NW
12;N355SW
7;N356NW
12;N356SW
12;N357AA
6;N357NB
7;N357NW
12;N357SW
12;N358AA
6;N358NB
7;N358NW
12;N358SW
12;N359AA
6;N359NB
7;N359NW
12;N359SW
12;N360AA
6;N360NB
7;N360NW
12;N360SW
12;N361AA
6;N361NB
7;N361NW
12;N361SW
12;N36207
12;N36247
12;N36272
12;N36280
12;N362AA
6;N362NB
7;N362NW
12;N362SW
12;N363AA
6;N363NB
7;N363NW
12;N363SW
6;N364NB
7;N364NW
12;N364SW
12;N364UA
5;N365AA
6;N365NB
7;N365NW
12;N365SW
12;N365UA
12;N366AA
6;N366NB
7;N366NW
12;N366SW
12;N366UA
14;N367CA
7;N367NW
12;N367SW
12;N367UA
12;N368AA
14;N368CA
6;N368NB
7;N368NW
12;N368SW
21;N36915
12;N369AA
14;N369CA
6;N369NB
7;N369NW
12;N369SW
12;N369UA
12;N37018
12;N370AA
6;N370NB
7;N370NW
12;N370SW
12;N370UA
15;N37178
12;N371AA
14;N371CA
12;N371DA
6;N371NB
7;N371NW
12;N371SW
12;N371UA
15;N37208
12;N37252
12;N37253
12;N37255
12;N37263
12;N37267
12;N37273
12;N37274
12;N37277
12;N37281
12;N37287
12;N37290
12;N37293
12;N37298
12;N372AA
12;N372DA
7;N372NW
12;N372SW
12;N372UA
12;N3730B
12;N3731T
12;N3732J
12;N3733Z
14;N37342
12;N3734B
12;N3735D
12;N3736C
12;N3737C
12;N3738B
12;N373AA
12;N373DA
7;N373NW
12;N373SW
12;N373UA
12;N37408
12;N37409
12;N3740C
12;N37413
12;N37419
12;N3741S
12;N37420
12;N3742C
12;N3743H
16;N3744D
12;N3745B
12;N3746H
12;N3747D
12;N3748Y
12;N3749D
12;N374AA
14;N374CA
12;N374DA
7;N374NW
12;N374SW
12;N374UA
12;N3750D
12;N3751B
12;N3752
12;N3753
12;N3754A
12;N3755D
12;N3756
12;N3757D
12;N3758Y
12;N3759
1;N375AA
12;N375DA
6;N375NC
12;N375SW
12;N375UA
12;N3760C
12;N37615
12;N3761R
12;N3762Y
12;N3763D
12;N3764D
12;N3765
12;N3766
12;N3767
12;N3768
12;N3769L
34;N376AA
14;N376CA
12;N376DA
6;N376NW
12;N376SW
12;N376UA
12;N37700
12;N3771K
33;N377AA
12;N377DA
6;N377NW
12;N377UA
16;N378AA
14;N378CA
12;N378DA
6;N378NW
12;N378SW
12;N378UA
12;N379AA
14;N379CA
12;N379DA
12;N379SW
12;N379UA
3;N380AA
12;N380DA
12;N380SW
20;N381AA
12;N381UA
12;N38257
12;N38268
1;N382AA
12;N382DA
12;N382SW
12;N382UA
10;N383AA
12;N383DN
12;N383SW
12;N383UA
12;N38403
12;N38417
12;N384AA
36;N384AE
12;N384DA
12;N384SW
12;N385DN
12;N385SW
12;N385UA
12;N386AA
12;N386DA
12;N386SW
12;N386UA
12;N38727
12;N387DA
12;N387SW
12;N388AA
12;N388DA
12;N388SW
12;N389AA
12;N389DA
12;N389SW
12;N390AA
14;N390CA
12;N390DA
12;N390SW
12;N391AA
14;N391CA
12;N391DA
12;N391SW
12;N39297
12;N392DA
12;N392SW
12;N39343
12;N393DA
21;N393SW
12;N39415
12;N39416
12;N39418
8;N394AA
36;N394AE
12;N394DA
12;N394DL
12;N394SW
8;N395AA
12;N395DN
12;N395SW
12;N396DA
12;N396SW
12;N39726
12;N39728
12;N397DA
12;N397SW
14;N398CA
12;N398DA
12;N398SW
12;N398UA
12;N399DA
12;N399UA
12;N399WN
29;N400AA
12;N400WN
35;N401AA
29;N401EA
7;N401UA
12;N401WN
35;N402AA
7;N402UA
12;N402WN
14;N403CA
15;N403SW
7;N403UA
12;N403WN
7;N404UA
12;N404US
12;N404WN
35;N405AA
15;N405SW
7;N405UA
12;N405US
12;N405WN
15;N406SW
7;N406UA
12;N406US
12;N406WN
29;N407AA
15;N407SW
7;N407UA
12;N407WN
29;N408AA
14;N408CA
15;N408SW
7;N408UA
12;N408WN
29;N409AA
14;N409CA
15;N409SW
7;N409UA
12;N409US
12;N409WN
29;N410AA
15;N410SW
7;N410UA
12;N410WN
21;N41104
12;N41135
12;N41140
29;N411AA
15;N411SW
7;N411UA
12;N411WN
29;N412AA
15;N412SW
7;N412UA
12;N412WN
29;N413AA
15;N413SW
7;N413UA
12;N413WN
7;N414UA
12;N414WN
29;N415AA
7;N415UA
12;N415WN
29;N416AA
15;N416SW
7;N416UA
12;N416WN
29;N417AA
14;N417SW
7;N417UA
12;N417US
12;N417WN
29;N418AA
14;N418SW
7;N418UA
12;N418US
12;N418WN
29;N419AA
7;N419UA
12;N419US
12;N419WN
29;N420AA
14;N420CA
7;N420UA
12;N420US
12;N420WN
16;N421AA
12;N421LV
7;N421UA
12;N421US
29;N422AA
7;N422UA
12;N422US
12;N422WN
29;N423AA
14;N423SW
7;N423UA
12;N423US
12;N423WN
29;N424AA
7;N424UA
12;N424US
12;N424WN
34;N425AA
12;N425LV
7;N425UA
12;N425US
29;N426AA
14;N426SW
7;N426UA
12;N426US
12;N426WN
29;N427AA
14;N427CA
14;N427SW
7;N427UA
12;N427US
12;N427WN
29;N428AA
7;N428UA
12;N428WN
29;N429AA
14;N429SW
7;N429UA
12;N429WN
29;N430AA
14;N430CA
14;N430SW
7;N430UA
12;N430US
12;N430WN
29;N431AA
14;N431SW
7;N431UA
12;N431WN
29;N432AA
14;N432SW
7;N432UA
12;N432US
12;N432WN
29;N433AA
12;N433LV
14;N433SW
7;N433UA
12;N433US
29;N434AA
7;N434UA
12;N434US
12;N434WN
18;N434YV
29;N435AA
14;N435CA
14;N435SW
7;N435UA
12;N435US
12;N435WN
29;N436AA
14;N436CA
7;N436UA
12;N436WN
18;N436YV
29;N437AA
14;N437SW
7;N437UA
12;N437WN
18;N437YV
29;N438AA
14;N438SW
7;N438UA
12;N438US
12;N438WN
29;N439AA
14;N439SW
7;N439UA
12;N439US
12;N439WN
29;N440AA
12;N440LV
14;N440SW
7;N440UA
12;N440US
29;N441AA
14;N441SW
7;N441UA
12;N441US
12;N441WN
29;N442AA
14;N442CA
14;N442SW
7;N442UA
12;N442US
12;N442WN
29;N443AA
14;N443CA
14;N443SW
7;N443UA
12;N443US
12;N443WN
16;N444AA
7;N444UA
12;N444US
12;N444WN
18;N444YV
29;N445AA
14;N445SW
7;N445UA
12;N445US
12;N445WN
18;N445YV
29;N446AA
14;N446CA
14;N446SW
7;N446UA
12;N446WN
18;N446YV
29;N447AA
14;N447CA
14;N447SW
7;N447UA
12;N447WN
18;N447YV
29;N448AA
14;N448SW
7;N448UA
12;N448WN
18;N448YV
29;N449AA
14;N449SW
7;N449UA
12;N449US
12;N449WN
18;N449YV
29;N450AA
12;N450UW
12;N450WN
29;N451AA
14;N451CA
7;N451UA
12;N451UW
12;N451WN
29;N452AA
14;N452SW
7;N452UA
12;N452UW
12;N452WN
29;N453AA
14;N453SW
7;N453UA
12;N453UW
12;N453WN
29;N454AA
14;N454SW
7;N454UA
12;N454UW
12;N454WN
18;N454YV
29;N455AA
14;N455CA
14;N455SW
7;N455UA
12;N455UW
12;N455WN
18;N455YV
29;N456AA
7;N456UA
12;N456UW
12;N456WN
18;N456YV
29;N457AA
14;N457SW
7;N457UA
12;N457UW
12;N457WN
29;N458AA
7;N458UA
12;N458UW
12;N458WN
29;N459AA
14;N459SW
7;N459UA
12;N459UW
12;N459WN
29;N460AA
14;N460SW
7;N460UA
12;N460UW
12;N460WN
29;N461AA
14;N461SW
7;N461UA
12;N461WN
29;N462AA
7;N462UA
12;N462WN
29;N463AA
14;N463SW
7;N463UA
12;N463WN
29;N464AA
14;N464SW
7;N464UA
12;N464WN
14;N465SW
7;N465UA
12;N465WN
12;N46625
29;N466AA
14;N466SW
7;N466UA
12;N466WN
29;N467AA
7;N467UA
12;N467WN
29;N468AA
14;N468CA
7;N468UA
12;N468WN
29;N469AA
7;N469UA
12;N469WN
29;N470AA
7;N470UA
12;N470WN
29;N471AA
14;N471CA
7;N471UA
15;N47202
29;N472AA
14;N472CA
7;N472UA
12;N472WN
12;N47332
29;N473AA
7;N473UA
12;N473WN
12;N47414
16;N474AA
7;N474UA
12;N474WN
29;N475AA
12;N475HA
7;N475UA
12;N475WN
29;N476AA
12;N476HA
7;N476UA
12;N476WN
29;N477AA
14;N477CA
12;N477HA
7;N477UA
12;N477WN
29;N478AA
12;N478HA
7;N478UA
12;N478WN
29;N479AA
14;N479CA
12;N479HA
7;N479UA
12;N479WN
29;N480AA
12;N480HA
7;N480UA
12;N480WN
12;N48127
29;N481AA
12;N481HA
7;N481UA
12;N481WN
29;N482AA
7;N482UA
12;N482WN
7;N483UA
12;N483WN
29;N484AA
12;N484HA
7;N484UA
12;N484WN
29;N485AA
12;N485HA
7;N485UA
12;N485WN
29;N486AA
12;N486HA
7;N486UA
12;N486WN
29;N487AA
14;N487CA
12;N487HA
7;N487UA
12;N487WN
29;N488AA
7;N488UA
12;N488WN
21;N48901
29;N489AA
6;N489UA
12;N489WN
29;N490AA
6;N490UA
12;N490WN
29;N491AA
6;N491UA
12;N491WN
29;N492AA
15;N492SW
6;N492UA
12;N492WN
29;N493AA
6;N493UA
12;N493WN
29;N494AA
14;N494CA
6;N494UA
12;N494WN
29;N495AA
14;N495CA
6;N495UA
12;N495WN
29;N496AA
14;N496CA
6;N496UA
12;N496WN
29;N497AA
6;N497UA
12;N497WN
29;N498AA
14;N498CA
6;N498UA
12;N498WN
29;N499AA
12;N499WN
14;N500AE
29;N501AA
14;N501BG
14;N501MJ
12;N501SW
12;N501UA
12;N501US
14;N502AE
14;N502MJ
12;N502SW
12;N502UA
12;N502US
14;N503AE
7;N503JB
14;N503MJ
12;N503SW
12;N503UA
12;N503US
14;N504AE
12;N504AU
7;N504JB
14;N504MJ
12;N504SW
12;N504UA
12;N504US
29;N505AA
14;N505AE
12;N505AU
7;N505JB
14;N505MJ
12;N505SW
12;N505UA
12;N505US
14;N506AE
12;N506AU
14;N506CA
7;N506JB
14;N506MJ
12;N506SW
12;N506UA
12;N506US
39;N507AA
14;N507AE
14;N507CA
14;N507MJ
12;N507SW
12;N507UA
12;N507US
11;N508AA
14;N508AE
14;N508MJ
12;N508SW
12;N508UA
12;N508US
22;N509AA
14;N509AE
7;N509JB
14;N509MJ
12;N509SW
12;N509UA
12;N509US
16;N510AA
14;N510AE
14;N510CA
7;N510JB
14;N510MJ
12;N510SW
12;N510UA
14;N511AE
12;N511AU
14;N511MJ
12;N511SW
12;N511UA
12;N511US
14;N512AE
12;N512AU
14;N512MJ
12;N512SW
12;N512UA
12;N512US
29;N513AA
14;N513AE
14;N513MJ
12;N513SW
12;N513UA
12;N513US
14;N514AE
14;N514CA
14;N514MJ
12;N514SW
12;N514UA
12;N514US
14;N515AE
14;N515MJ
12;N515SW
12;N515UA
12;N515US
14;N516AE
12;N516AU
7;N516JB
14;N516LR
12;N516UA
12;N516US
14;N517AE
12;N517AU
7;N517JB
12;N517UA
12;N517US
14;N518AE
12;N518AU
14;N518CA
14;N518LR
12;N518UA
12;N518US
16;N519AA
14;N519AE
7;N519JB
14;N519LR
12;N519SW
12;N519UA
12;N519US
14;N520DC
7;N520JB
12;N520SW
12;N520UA
12;N520US
14;N521AE
7;N521JB
14;N521LR
12;N521SW
12;N521UA
12;N521US
14;N522AE
14;N522LR
12;N522SW
12;N522UA
12;N522US
10;N523AA
14;N523AE
14;N523CA
7;N523JB
12;N523SW
12;N523UA
12;N523US
14;N524AE
7;N524JB
12;N524SW
12;N524UA
34;N525AA
12;N525SW
12;N525UA
12;N525US
12;N52616
12;N526AU
14;N526CA
12;N526SW
12;N526UA
12;N526US
12;N527AU
12;N527SW
12;N527UA
12;N527US
14;N528CA
7;N528JB
12;N528SW
12;N528UA
12;N528US
12;N529AU
7;N529JB
12;N529UA
12;N529US
12;N530AU
12;N530UA
12;N530US
12;N531AU
12;N531UA
12;N531US
12;N532AU
12;N532UA
12;N532US
12;N533AU
12;N533UA
12;N533US
7;N534JB
12;N534UA
12;N534US
7;N535JB
12;N535UA
12;N535US
6;N536JB
12;N536UA
12;N536US
12;N537UA
12;N537US
14;N538CA
12;N538UA
12;N538US
12;N539UA
12;N540UA
10;N541AA
12;N541UA
12;N54241
12;N542UA
23;N544AA
12;N544UA
12;N544US
34;N545AA
12;N545UA
12;N545US
12;N546AS
6;N546JB
12;N546UA
12;N546US
12;N54711
38;N547AA
6;N547JB
12;N547UA
12;N547US
12;N548AS
14;N548CA
6;N548JB
12;N548UA
12;N548US
12;N549AS
14;N549CA
12;N549UA
12;N549US
25;N550AA
6;N550JB
12;N550UA
12;N550WN
26;N551AA
12;N551AS
12;N551NW
12;N551UA
12;N551WN
29;N552AA
12;N552AS
6;N552JB
12;N552NW
12;N552UA
29;N553AA
12;N553AS
12;N553NW
12;N553UA
29;N554AA
14;N554CA
6;N554JB
12;N554NW
12;N554UA
12;N555NW
12;N555UA
29;N556AA
12;N556AS
6;N556JB
12;N556NW
12;N556UA
27;N557AA
12;N557AS
12;N557NW
12;N557UA
29;N558AA
12;N558AS
6;N558JB
12;N558UA
29;N559AA
12;N559AS
6;N559JB
12;N559UA
12;N560AS
21;N560SW
12;N560UA
29;N561AA
6;N561JB
21;N561SW
12;N561UA
29;N562AA
12;N562AS
6;N562JB
21;N562SW
12;N562UA
29;N563AA
12;N563AS
6;N563JB
21;N563SW
12;N563UA
29;N564AA
12;N564AS
6;N564JB
21;N564SW
12;N564UA
29;N565AA
12;N565AS
6;N565JB
21;N565SW
12;N565UA
29;N566AA
12;N566AS
6;N566JB
21;N566SW
12;N566UA
18;N567AA
21;N567SW
12;N567UA
12;N56859
29;N568AA
12;N568AS
6;N568JB
21;N568SW
12;N568UA
29;N569AA
12;N569AS
6;N569JB
21;N569SW
12;N569UA
29;N570AA
12;N570AS
6;N570JB
15;N570ML
12;N570UA
12;N57111
29;N571AA
6;N571JB
15;N571ML
12;N571UA
29;N572AA
12;N572UA
29;N573AA
12;N573UA
29;N574AA
12;N574UA
12;N574US
16;N575AA
12;N575UA
29;N576AA
21;N576SW
12;N576UA
29;N577AA
12;N577AS
12;N577UA
12;N57852
12;N57855
12;N57857
12;N57863
12;N57864
12;N57868
12;N57869
29;N578AA
21;N578SW
12;N578UA
29;N579AA
12;N579AS
6;N579JB
21;N579SW
12;N579UA
29;N580AA
12;N580HA
6;N580JB
21;N580SW
12;N580UA
12;N58101
29;N581AA
12;N581AS
12;N581HA
6;N581JB
12;N581NW
21;N581SW
12;N581UA
29;N582AA
14;N582CA
12;N582HA
6;N582JB
12;N582NW
21;N582SW
12;N582UA
29;N583AA
12;N583AS
12;N583HA
6;N583JB
12;N583NW
21;N583SW
12;N583UA
29;N584AA
12;N584AS
12;N584HA
12;N584NW
21;N584SW
12;N584UA
29;N585AA
12;N585AS
12;N585HA
6;N585JB
12;N585NW
21;N585SW
12;N585UA
12;N58606
29;N586AA
12;N586AS
12;N586HA
6;N586JB
12;N586NW
21;N586SW
12;N586UA
29;N587AA
12;N587AS
12;N587HA
6;N587JB
12;N587NW
15;N587SW
12;N587UA
29;N588AA
12;N588AS
12;N588HA
6;N588JB
12;N588NW
15;N588SW
12;N588UA
12;N588US
29;N589AA
12;N589AS
12;N589HA
6;N589JB
12;N589NW
15;N589SW
12;N589UA
12;N589US
12;N59053
29;N590AA
12;N590AS
12;N590HA
6;N590JB
12;N590NW
15;N590SW
12;N590UA
12;N590US
29;N591AA
12;N591HA
6;N591JB
12;N591NW
15;N591SW
12;N591US
29;N592AA
12;N592AS
12;N592HA
6;N592JB
12;N592NW
12;N592UA
12;N59302
12;N59338
29;N593AA
12;N593AS
12;N593HA
6;N593JB
12;N593NW
12;N593UA
29;N594AA
12;N594AS
12;N594HA
6;N594JB
12;N594NW
14;N594SW
12;N594UA
29;N595AA
6;N595JB
12;N595NW
14;N595SW
12;N595UA
12;N59630
29;N596AA
12;N596AS
12;N596HA
12;N596NW
12;N596UA
29;N597AA
12;N597HA
6;N597JB
14;N597SW
12;N597UA
29;N598AA
12;N598HA
6;N598JB
12;N598UA
29;N599AA
6;N599JB
29;N600TR
12;N600WN
6;N601AW
12;N601DL
12;N601WN
7;N602AW
12;N602DL
29;N602NW
12;N602SW
12;N603AT
6;N603AW
12;N603DL
6;N603JB
14;N603SK
12;N603SW
12;N604AT
7;N604AW
12;N604DL
14;N604SK
12;N604SW
7;N605AW
12;N605DL
6;N605JB
12;N605SW
12;N606DL
6;N606JB
29;N606NW
14;N606SK
12;N606SW
12;N607AS
12;N607DL
6;N607JB
14;N607SK
12;N607SW
12;N608DA
6;N608JB
29;N608NW
14;N608SK
12;N608SW
12;N609AS
12;N609DL
14;N609SK
12;N609SW
12;N610AA
21;N610AE
12;N610DL
29;N610NW
12;N610WN
32;N611AA
21;N611AE
12;N611AS
12;N611DL
14;N611SK
12;N611SW
12;N612AA
21;N612AE
12;N612AS
12;N612DL
6;N612JB
12;N612SW
12;N61304
12;N613AA
21;N613AE
12;N613AS
12;N613DL
6;N613JB
29;N613NW
14;N613SK
12;N613SW
12;N614AA
21;N614AE
12;N614AS
12;N614DL
14;N614SK
12;N614SW
10;N615AA
21;N615AE
12;N615AS
12;N615DL
6;N615JB
12;N615SW
12;N616AA
21;N616AE
12;N616DL
12;N616SW
21;N617AE
12;N617AS
12;N617DL
12;N617SW
12;N618AA
21;N618AE
12;N618AS
12;N618DL
6;N618JB
12;N618WN
12;N619AA
21;N619AE
12;N619AS
7;N619AW
12;N619DL
12;N619SW
12;N620AA
21;N620AE
7;N620AW
12;N620SW
16;N621AA
21;N621AE
7;N621AW
12;N621DL
6;N621JB
12;N621SW
12;N622AA
21;N622AE
12;N622AS
7;N622AW
12;N622DL
12;N622SW
12;N623AA
21;N623AE
12;N623AS
12;N623DL
6;N623JB
12;N623SW
12;N624AA
21;N624AE
12;N624AS
7;N624AW
12;N624DL
6;N624JB
12;N624SW
12;N625AA
21;N625AE
12;N625AS
7;N625AW
14;N625CA
12;N625DL
6;N625JB
12;N625SW
12;N62631
12;N626AA
21;N626AE
12;N626AS
7;N626AW
12;N626DL
12;N626SW
12;N627AA
21;N627AE
12;N627AS
7;N627AW
12;N627DL
6;N627JB
12;N627SW
12;N628AA
21;N628AE
7;N628AW
12;N628DL
12;N628SW
12;N629AA
21;N629AE
7;N629AW
14;N629BR
12;N629DL
6;N629JB
12;N629SW
12;N630AA
21;N630AE
4;N630AS
12;N630DL
6;N630JB
12;N630WN
12;N631AA
21;N631AE
4;N631AS
7;N631AW
12;N631DL
12;N631SW
12;N632AA
21;N632AE
3;N632AS
7;N632AW
12;N632DL
6;N632JB
12;N632SW
12;N63305
12;N633AA
21;N633AE
3;N633AS
7;N633AW
12;N633DL
6;N633JB
12;N633SW
12;N634AA
21;N634AE
3;N634AS
7;N634AW
12;N634DL
6;N634JB
12;N634SW
12;N635AA
21;N635AE
3;N635AS
12;N635DL
6;N635JB
12;N635SW
21;N636AE
3;N636AS
7;N636AW
12;N636DL
6;N636JB
12;N636WN
9;N637AA
21;N637AE
3;N637AS
7;N637AW
12;N637DL
6;N637JB
12;N637SW
12;N638AA
21;N638AE
12;N638DL
6;N638JB
12;N638SW
12;N639AA
21;N639AE
12;N639DL
6;N639JB
12;N639SW
21;N640AE
4;N640AS
7;N640AW
12;N640DL
6;N640JB
12;N640SW
12;N641AA
21;N641AE
4;N641AS
14;N641CA
12;N641DL
6;N641JB
12;N641SW
12;N641UA
12;N642AA
21;N642AE
4;N642AS
7;N642AW
14;N642CA
12;N642DL
12;N642UA
12;N642WN
12;N643AA
21;N643AE
4;N643AS
12;N643DL
6;N643JB
12;N643SW
12;N643UA
21;N644AE
12;N644AS
7;N644AW
12;N644DL
6;N644JB
12;N644SW
12;N644UA
21;N645AE
12;N645DL
6;N645JB
12;N645SW
21;N646AE
14;N646BR
12;N646DL
6;N646JB
12;N646SW
12;N646UA
21;N647AE
12;N647AS
7;N647AW
12;N647DL
12;N647SW
12;N647UA
21;N648AE
7;N648AW
12;N648DL
6;N648JB
12;N648SW
12;N648UA
12;N649AS
7;N649AW
14;N649BR
12;N649DL
6;N649JB
21;N649PP
12;N649SW
12;N649UA
21;N650AE
7;N650AW
12;N650DL
14;N650ML
12;N650SW
21;N651AE
7;N651AW
14;N651BR
12;N651DL
6;N651JB
14;N651ML
12;N651SW
12;N651UA
7;N652AW
12;N652DL
6;N652JB
21;N652RS
12;N652SW
12;N652UA
21;N653AE
7;N653AW
14;N653CA
12;N653DL
6;N653JB
12;N653SW
12;N653UA
21;N654AE
7;N654AW
14;N654BR
12;N654DL
12;N654SW
12;N654UA
21;N655AE
7;N655AW
14;N655BR
14;N655CA
12;N655DL
6;N655JB
12;N655UA
12;N655WN
21;N656AE
7;N656AW
14;N656CA
12;N656DL
6;N656JB
12;N656SW
12;N656UA
21;N657AE
7;N657AW
12;N657DL
6;N657JB
12;N657SW
12;N657UA
21;N658AE
7;N658AW
14;N658CA
12;N658DL
6;N658JB
12;N658SW
12;N658UA
21;N659AE
7;N659AW
14;N659BR
14;N659CA
12;N659DL
6;N659JB
12;N659SW
12;N659UA
12;N66051
12;N66056
12;N66057
7;N660AW
21;N660CL
12;N660DL
12;N660SW
12;N660UA
7;N661AW
12;N661DN
21;N661JA
6;N661JB
12;N661SW
12;N661UA
7;N662AW
12;N662DN
21;N662EH
6;N662JB
12;N662SW
12;N662UA
21;N663AR
7;N663AW
12;N663DN
6;N663JB
12;N663SW
12;N663UA
7;N664AW
12;N664DN
21;N664MS
12;N664UA
12;N664WN
7;N665AW
21;N665BC
12;N665DN
6;N665JB
12;N665UA
12;N665WN
12;N666DN
12;N666UA
7;N667AW
12;N667DN
21;N667GB
12;N667SW
12;N667UA
6;N668AW
14;N668CA
12;N668DN
21;N668HH
12;N668UA
6;N669AW
14;N669CA
12;N669DN
21;N669MB
12;N669SW
12;N669UA
12;N6700
12;N6701
12;N6702
12;N6703D
12;N6704Z
12;N67052
12;N67058
12;N6705Y
12;N6706Q
12;N6707A
12;N6708D
12;N6709
21;N670AE
12;N670DN
29;N670MC
12;N670SW
12;N670UA
12;N6710E
12;N6711M
12;N6712B
12;N67134
12;N6713Y
12;N6714Q
12;N67157
12;N67158
12;N6715C
12;N6716C
12;N67171
21;N671AE
12;N671DN
29;N671MC
12;N671SW
12;N671UA
21;N672AE
6;N672AW
12;N672DL
12;N672SW
12;N672UA
12;N673AA
21;N673AE
6;N673AW
12;N673DL
12;N673UA
12;N674AA
6;N674AW
12;N674DL
21;N674RJ
12;N674UA
12;N675AA
21;N675AE
6;N675AW
14;N675BR
12;N675DL
29;N675MC
12;N675UA
21;N676AE
6;N676AW
14;N676CA
12;N676DL
29;N676MC
12;N676SW
12;N676UA
12;N677AA
21;N677AE
6;N677AW
12;N677DL
29;N677MC
12;N677UA
12;N678AA
21;N678AE
6;N678AW
14;N678CA
12;N678DL
12;N679AA
21;N679AE
6;N679AW
14;N679CA
12;N679DA
12;N68061
12;N680AA
21;N680AE
6;N680AW
14;N680BR
12;N680DA
12;N68155
12;N68159
12;N68160
21;N681AE
14;N681BR
12;N681DA
21;N682AE
14;N682BR
12;N682DA
12;N682SW
21;N683AE
14;N683BR
12;N683DA
12;N683SW
14;N684BR
12;N684DA
21;N684JW
12;N684WN
21;N685AE
14;N685BR
12;N685DA
12;N685SW
21;N686AE
14;N686BR
12;N686DA
12;N686SW
12;N687DL
21;N687JS
12;N687SW
21;N688AE
12;N688DL
12;N688SW
14;N689CA
12;N689DL
21;N689EC
12;N689SW
12;N69059
12;N69063
21;N690AE
14;N690CA
12;N690DL
12;N690SW
12;N69154
21;N691AE
14;N691CA
12;N691WN
21;N692AE
14;N692CA
12;N692DL
12;N692SW
12;N69311
12;N69333
12;N69348
12;N69351
21;N693AE
14;N693BR
14;N693CA
12;N693DL
12;N693SW
21;N694AE
12;N694SW
21;N695AE
14;N695CA
12;N695SW
12;N69602
12;N69603
21;N696AE
19;N696DA
21;N697AB
12;N697DL
12;N697SW
14;N698BR
21;N698CB
12;N698DL
12;N698SW
21;N699AE
14;N699BR
12;N699DL
12;N699SW
12;N700GS
21;N700LE
7;N700UW
12;N701DN
12;N701GS
21;N701MH
14;N701SK
7;N701UW
21;N702AE
12;N702DN
14;N702SK
12;N702TW
7;N702UW
12;N70330
12;N70352
12;N70353
12;N703AS
6;N703JB
21;N703MR
14;N703SK
12;N703SW
12;N703TW
7;N703UW
21;N704PG
12;N704SW
7;N704US
12;N704X
21;N705AE
12;N705AS
6;N705JB
14;N705SK
12;N705SW
12;N705TW
7;N705UW
12;N706AS
14;N706EV
6;N706JB
21;N706RG
14;N706SK
12;N706SW
12;N706TW
21;N707EB
14;N707EV
12;N707SA
14;N707SK
12;N707TW
21;N708AE
12;N708AS
15;N708CA
14;N708EV
12;N708SA
14;N708SK
7;N708UW
14;N709BR
15;N709CA
14;N709EV
21;N709GB
14;N709SK
12;N709SW
12;N709TW
7;N709UW
14;N710BR
14;N710CA
14;N710EV
14;N710SK
12;N710SW
21;N710TB
12;N710TW
7;N710UW
12;N711HK
21;N711PH
7;N711UW
12;N711ZX
21;N712AE
14;N712CA
14;N712EV
14;N712SK
12;N712SW
12;N712TW
7;N712US
21;N713AE
12;N713AS
14;N713CA
14;N713EV
14;N713SK
12;N713SW
12;N713TW
7;N713UW
12;N71411
12;N714CB
7;N714US
21;N715AE
15;N715SF
14;N715SK
12;N715SW
7;N715UW
21;N716AE
14;N716CA
14;N716EV
14;N716SK
12;N716SW
7;N716UW
21;N717AE
14;N717EV
12;N717JL
12;N717SA
12;N717TW
7;N717UW
21;N718AE
14;N718EV
14;N718SK
12;N718SW
12;N718TW
21;N719AE
14;N719CA
14;N719EV
14;N719SK
12;N719SW
21;N720AE
14;N720EV
14;N720SW
12;N720WN
14;N721CA
21;N721HS
12;N721TW
7;N721UW
21;N722AE
14;N722EV
12;N722TW
7;N722US
21;N723AE
14;N723EV
12;N723SW
7;N723UW
12;N72405
21;N724AE
14;N724EV
14;N724SK
12;N724SW
7;N724UW
21;N725AE
12;N725SW
7;N725UW
14;N7264V
21;N726AE
14;N726SK
12;N726SW
21;N727AE
14;N727SK
12;N727SW
21;N728AE
14;N728SK
12;N728SW
14;N7291Z
21;N729AE
14;N729CA
12;N729SW
14;N7305V
14;N730EV
21;N730KW
14;N730SK
12;N730SW
7;N730US
12;N73152
21;N731BE
12;N731SA
12;N73251
12;N73256
12;N73259
12;N73270
12;N73275
12;N73276
12;N73278
12;N73283
12;N73291
12;N73299
21;N732DH
14;N732SK
12;N732SW
7;N732US
21;N733KR
12;N733SA
7;N733UW
12;N73406
21;N734EK
12;N734SA
14;N735CA
12;N735SA
21;N735TS
21;N736DT
12;N736SA
12;N737JW
21;N737MW
7;N737US
12;N738AL
12;N738CB
14;N738EV
21;N738NR
14;N738SK
7;N738US
21;N739AE
12;N739AL
14;N739CA
12;N739GB
12;N74007
12;N740AL
14;N740EV
14;N740SK
12;N740SW
7;N740UW
12;N741AL
14;N741EV
12;N741SA
7;N741UW
12;N742AL
7;N742PS
14;N742SK
12;N742SW
14;N743SK
12;N743SW
14;N744EV
7;N744P
14;N744SK
12;N744SW
14;N745SK
12;N745SW
7;N745VJ
12;N746AL
14;N746SK
12;N746SW
7;N746UW
12;N747SA
7;N747UW
12;N74856
12;N748AL
14;N748EV
14;N748SK
12;N748SW
7;N748UW
12;N749SW
7;N749US
12;N750AT
14;N750EV
20;N750NW
12;N750SA
14;N750SK
7;N750UW
12;N751AL
12;N751AT
14;N751EV
29;N751NW
14;N751SK
12;N751SW
7;N751UW
12;N752AT
14;N752EV
20;N752NW
14;N752SK
12;N752SW
7;N752US
14;N753EV
20;N753NW
14;N753SK
12;N753SW
7;N753US
12;N75410
12;N754AS
14;N754EV
29;N754NW
14;N754SK
12;N754SW
7;N754UW
12;N755AS
14;N755EV
29;N755NW
12;N755SA
14;N755SK
7;N755US
12;N756AS
20;N756NW
12;N756SA
14;N756SK
7;N756US
12;N757AT
12;N757LV
7;N757UW
12;N75851
12;N75853
12;N75854
12;N75858
12;N75861
14;N758EV
29;N758NW
14;N758SK
12;N758SW
7;N758US
14;N75987
14;N75991
14;N75992
14;N75993
14;N75994
14;N75995
14;N75996
14;N75998
14;N759EV
12;N759GS
29;N759NW
12;N76010
12;N76054
12;N76055
12;N76062
12;N76064
12;N76065
12;N760AS
14;N760EV
29;N760NC
29;N760NW
14;N760SK
12;N760SW
7;N760US
12;N76151
12;N76153
12;N76156
29;N761NC
12;N761RR
12;N76254
12;N76265
12;N76269
12;N76288
12;N762AS
29;N762NC
29;N762NW
14;N762SK
12;N762SW
7;N762US
12;N76354
12;N76355
12;N763AS
29;N763NW
14;N763SK
12;N763SW
7;N763US
12;N764AS
29;N764NC
14;N764SK
12;N764SW
7;N764US
12;N76502
12;N76503
12;N76504
12;N76505
12;N76508
12;N765AS
29;N765NC
14;N765SK
12;N765SW
7;N765US
29;N766NC
14;N766SK
12;N766SW
7;N766US
12;N767AS
29;N767NC
14;N767SK
12;N767SW
7;N767UW
12;N768AS
29;N768NC
14;N768SK
12;N768SW
12;N768UA
7;N768US
12;N769AS
29;N769NC
12;N769SW
12;N769UA
7;N769US
12;N77006
12;N77014
12;N77019
12;N77066
29;N770NC
12;N770SA
14;N770SK
7;N770UW
15;N77181
15;N77195
12;N771AS
29;N771NC
12;N771SA
14;N771SK
12;N771UA
12;N77258
14;N77260
12;N77261
14;N77278
14;N77286
12;N77295
12;N77296
12;N772AS
29;N772NC
14;N772SK
12;N772SW
12;N772UA
14;N77302
12;N77303
14;N77331
12;N773AS
29;N773NC
12;N773SA
14;N773SK
12;N773UA
12;N774AS
29;N774NC
14;N774SK
12;N774SW
12;N774UA
12;N77510
12;N775AS
29;N775NC
12;N775SW
12;N775UA
12;N776AS
29;N776NC
14;N776SK
12;N776UA
12;N776WN
29;N777NC
12;N777QC
12;N777UA
12;N77865
12;N77867
12;N778AS
29;N778NC
14;N778SK
12;N778SW
12;N778UA
12;N779AS
14;N779CA
29;N779NC
12;N779SW
12;N779UA
12;N78003
12;N78004
12;N78009
12;N78017
12;N78060
12;N780AS
29;N780NC
12;N780SW
12;N780UA
14;N781CA
29;N781NC
12;N781UA
12;N781WN
12;N78285
12;N782AS
29;N782NC
12;N782SA
12;N782UA
12;N783AS
14;N783CA
29;N783NC
12;N783SW
12;N783UA
12;N784AS
14;N784CA
29;N784NC
12;N784SW
12;N784UA
12;N78501
12;N78506
12;N78509
12;N785AS
14;N785CA
29;N785NC
12;N785SW
12;N785UA
12;N786AS
14;N786CA
29;N786NC
12;N786SW
12;N786UA
29;N787NC
12;N787SA
12;N787UA
12;N78866
12;N788AS
12;N788SA
12;N788UA
12;N789SW
12;N79011
12;N790SW
12;N791AS
12;N791SW
12;N791UA
12;N79279
12;N792AS
12;N792SW
12;N792UA
12;N793AS
12;N793SA
12;N793UA
12;N79402
12;N794AS
12;N794SW
12;N794UA
12;N795AS
12;N795SW
12;N795UA
12;N796AS
14;N796CA
12;N796SW
12;N796UA
12;N797AS
14;N797CA
12;N797MX
12;N797UA
14;N798CA
12;N798SW
12;N798UA
12;N799AS
12;N799SW
12;N799UA
21;N800AE
14;N800SK
21;N801AE
7;N801AW
6;N801FR
6;N801NW
7;N801UA
21;N802AE
7;N802AW
6;N802FR
6;N802NW
14;N802SK
21;N803AE
7;N803AW
6;N803FR
6;N803NW
14;N803SK
21;N804AE
7;N804AW
14;N804CA
6;N804FR
6;N804NW
14;N804SK
7;N804UA
21;N805AE
7;N805AW
14;N805CA
6;N805FR
13;N805LR
6;N805NW
14;N805SK
7;N805UA
21;N806AE
7;N806AW
14;N806CA
6;N806FR
6;N806NW
14;N806SK
7;N806UA
21;N807AE
7;N807AW
14;N807CA
6;N807FR
6;N807NW
14;N807SK
7;N807UA
21;N808AE
7;N808AW
6;N808FR
6;N808NW
7;N808UA
21;N809AE
7;N809AW
14;N809CA
6;N809FR
6;N809NW
14;N809SK
7;N809UA
21;N810AE
12;N810AL
7;N810AW
14;N810CA
6;N810FR
6;N810NW
14;N810SK
7;N810UA
21;N811AE
14;N811CA
6;N811NW
7;N811UA
21;N812AE
7;N812AW
14;N812CA
6;N812FR
6;N812NW
14;N812SK
7;N812UA
21;N813AE
7;N813AW
6;N813NW
14;N813SK
7;N813UA
21;N814AE
7;N814AW
14;N814CA
6;N814NW
14;N814SK
7;N814UA
21;N815AE
7;N815AW
14;N815CA
6;N815NW
14;N815SK
7;N815UA
21;N816AE
7;N816AW
6;N816NW
14;N816SK
7;N816UA
21;N817AE
7;N817AW
6;N817NW
14;N817SK
7;N817UA
21;N818AE
7;N818AW
14;N818CA
6;N818NW
7;N818UA
21;N819AE
7;N819AW
14;N819CA
6;N819NW
7;N819UA
21;N820AE
15;N820AS
7;N820AW
6;N820NW
14;N820SK
7;N820UA
21;N821AE
15;N821AS
7;N821AW
14;N821CA
6;N821NW
14;N821SK
7;N821UA
21;N822AE
7;N822AW
7;N822UA
21;N823AE
12;N823AL
15;N823AS
7;N823AW
7;N823UA
21;N824AE
12;N824AL
15;N824AS
7;N824AW
7;N824UA
21;N825AE
15;N825AS
7;N825AW
12;N825MH
7;N825UA
21;N826AE
12;N826AL
15;N826AS
7;N826AW
12;N826MH
7;N826UA
21;N827AE
15;N827AS
7;N827AW
12;N827MH
7;N827UA
21;N828AE
12;N828AL
15;N828AS
7;N828AW
12;N828MH
7;N828UA
21;N829AE
15;N829AS
7;N829AW
12;N829MH
7;N829UA
21;N830AE
15;N830AS
7;N830AW
12;N830MH
7;N830UA
21;N831AE
7;N831AW
12;N831MH
7;N831UA
21;N832AE
15;N832AS
7;N832AW
12;N832MH
7;N832UA
21;N833AE
14;N833AS
6;N833AW
12;N833MH
7;N833UA
21;N834AE
14;N834AS
6;N834AW
12;N834MH
7;N834UA
21;N835AE
12;N835AL
14;N835AS
6;N835AW
12;N835MH
7;N835UA
21;N836AE
12;N836AL
14;N836AS
6;N836AW
12;N836MH
7;N836UA
21;N837AE
12;N837AL
14;N837AS
6;N837AW
12;N837MH
7;N837UA
21;N838AE
14;N838AS
6;N838AW
12;N838MH
7;N838UA
21;N839AE
14;N839AS
6;N839AW
12;N839MH
7;N839UA
21;N840AE
14;N840AS
6;N840AW
12;N840MH
7;N840UA
21;N841AE
12;N841AL
14;N841AS
12;N841MH
7;N841UA
21;N842AE
14;N842AS
12;N842MH
7;N842UA
21;N843AE
12;N843AL
14;N843AS
12;N843MH
7;N843UA
21;N844AE
14;N844AS
12;N844MH
7;N844UA
21;N845AE
14;N845AS
12;N845MH
7;N845UA
21;N846AE
14;N846AS
7;N846UA
21;N847AE
14;N847AS
7;N847UA
21;N848AE
14;N848AS
7;N848UA
21;N849AE
14;N849AS
7;N849UA
21;N850AE
14;N850AS
7;N850UA
21;N851AE
14;N851AS
6;N851UA
21;N852AE
14;N852AS
6;N852NW
6;N852UA
21;N853AE
14;N853AS
6;N853NW
6;N853UA
21;N854AE
14;N854AS
6;N854NW
6;N854UA
21;N855AE
14;N855AS
6;N855NW
6;N855UA
21;N856AE
14;N856AS
6;N856NW
21;N857AE
14;N857AS
6;N857NW
21;N858AE
14;N858AS
14;N859AS
6;N859NW
14;N860AS
12;N860DA
14;N861AS
12;N861DA
14;N862AS
12;N862DA
14;N863AS
12;N863DA
14;N864AS
12;N864DA
14;N865AS
12;N865DA
14;N866AS
12;N866DA
14;N867AS
12;N867DA
14;N868AS
14;N868CA
14;N869AS
14;N870AS
14;N871AS
14;N872AS
14;N87353
14;N873AS
14;N874AS
12;N87507
14;N875AS
14;N876AS
14;N877AS
14;N878AS
14;N879AS
14;N880AS
14;N881AS
14;N882AS
14;N883AS
14;N884AS
14;N885AS
14;N886AS
14;N889AS
12;N891AT
20;N8920E
20;N8921E
20;N8923E
20;N8925E
20;N8926E
20;N8928E
20;N8929E
12;N892AT
20;N8932E
20;N8933E
20;N8938E
12;N893AT
20;N8944E
20;N8945E
12;N894AT
12;N895AT
20;N8960E
12;N896AT
20;N8978E
20;N8986E
12;N899AT
21;N900AE
31;N900DE
14;N900EV
12;N900PC
12;N900WN
12;N901AW
29;N901DA
31;N901DE
14;N901EV
7;N901FR
12;N901WN
36;N902AE
12;N902AW
21;N902BC
29;N902DA
31;N902DE
14;N902EV
14;N902FJ
7;N902FR
12;N902UA
12;N902WN
12;N903AW
29;N903DA
31;N903DE
14;N903EV
14;N903FJ
7;N903FR
14;N903SW
12;N903UA
12;N903WN
36;N904AE
12;N904AW
29;N904DA
31;N904DE
30;N904DL
14;N904EV
14;N904FJ
7;N904FR
12;N904UA
12;N904WN
12;N905AW
29;N905DA
31;N905DE
30;N905DL
14;N905EV
7;N905FR
21;N905JH
14;N905SW
12;N905UA
12;N905WN
17;N906
21;N906AE
12;N906AT
12;N906AW
29;N906DA
31;N906DE
30;N906DL
14;N906EV
14;N906FJ
6;N906FR
14;N906SW
12;N906UA
12;N906WN
21;N907AE
29;N907DA
31;N907DE
30;N907DL
14;N907EV
14;N907FJ
6;N907FR
14;N907SW
12;N907UA
12;N907WN
21;N908AE
12;N908AW
29;N908DA
31;N908DE
30;N908DL
14;N908EV
14;N908FJ
6;N908FR
14;N908SW
12;N908WN
21;N909AE
12;N909AW
29;N909DA
31;N909DE
30;N909DL
14;N909EV
14;N909FJ
6;N909FR
14;N909SW
12;N909WN
12;N910AT
12;N910AW
31;N910DE
30;N910DL
29;N910DN
14;N910EV
14;N910FJ
6;N910FR
14;N910SW
12;N910UA
12;N910WN
29;N911DA
30;N911DE
30;N911DL
14;N911FJ
15;N912CA
30;N912DE
30;N912DL
29;N912DN
14;N912EV
14;N912FJ
6;N912FR
14;N912SW
12;N912UA
12;N912WN
12;N913AW
30;N913DE
30;N913DL
29;N913DN
14;N913EV
14;N913FJ
6;N913FR
14;N913SW
12;N913UA
12;N913WN
2;N9149E
12;N914AW
15;N914CA
30;N914DE
30;N914DL
29;N914DN
14;N914EV
14;N914FJ
6;N914FR
12;N914UA
12;N914WN
28;N9159E
12;N915AT
12;N915AW
15;N915CA
30;N915DE
30;N915DL
29;N915DN
14;N915EV
14;N915FJ
6;N915FR
20;N915RW
14;N915SW
12;N915WN
15;N916CA
30;N916DE
30;N916DL
29;N916DN
14;N916EV
14;N916FJ
7;N916FR
20;N916RW
14;N916SW
12;N916UW
12;N916WN
28;N9179E
15;N917CA
30;N917DE
30;N917DL
14;N917EV
14;N917FJ
6;N917FR
14;N917SW
12;N917UW
12;N917WN
21;N918AE
15;N918CA
30;N918DE
30;N918DL
14;N918FJ
6;N918FR
14;N918SW
12;N918UA
12;N918UW
12;N918WN
12;N919AT
30;N919DE
30;N919DL
14;N919EV
14;N919FJ
6;N919FR
14;N919SW
12;N919UA
12;N919UW
12;N920AT
15;N920CA
30;N920DE
30;N920DL
14;N920EV
14;N920FJ
6;N920FR
14;N920SW
12;N920UW
12;N921AT
30;N921DL
14;N921EV
14;N921FJ
6;N921FR
20;N921RW
12;N921UA
12;N921UW
21;N922AE
12;N922AT
30;N922DL
14;N922EV
14;N922FJ
6;N922FR
12;N922UA
12;N922UW
21;N923AE
12;N923AT
30;N923DL
14;N923EV
14;N923FJ
6;N923FR
20;N923RW
14;N923SW
12;N923UA
12;N923UW
12;N924AT
15;N924CA
30;N924DL
14;N924EV
14;N924FJ
6;N924FR
20;N924RW
14;N924SW
12;N924UA
12;N924UW
21;N925AE
12;N925AT
30;N925DL
14;N925EV
14;N925FJ
6;N925FR
14;N925SW
12;N925UA
29;N925US
12;N925UW
12;N926AT
15;N926CA
30;N926DL
14;N926EV
6;N926FR
14;N926LR
20;N926NW
14;N926SW
12;N927AT
15;N927CA
30;N927DA
14;N927EV
6;N927FR
14;N927LR
14;N927SW
12;N927UA
12;N927UW
21;N928AE
12;N928AT
30;N928DL
14;N928EV
6;N928FR
14;N928LR
14;N928SW
12;N928UA
12;N929AT
15;N929CA
30;N929DL
14;N929EV
6;N929FR
14;N929LR
14;N929SW
12;N929UA
12;N929UW
12;N930AT
30;N930DL
14;N930EV
6;N930FR
14;N930LR
14;N930SW
12;N930UA
12;N930UW
21;N931AE
15;N931CA
30;N931DL
14;N931EV
6;N931FR
14;N931LR
21;N932AE
12;N932AT
15;N932CA
30;N932DL
14;N932EV
6;N932FR
14;N932LR
14;N932SW
12;N932UA
12;N932UW
20;N9332
20;N9333
20;N9338
20;N9339
12;N933AT
15;N933CA
30;N933DL
14;N933EV
6;N933FR
21;N933JN
14;N933LR
12;N933UA
12;N933UW
20;N9343
20;N9346
12;N934AT
30;N934DL
14;N934EV
14;N934FJ
6;N934FR
14;N934SW
12;N934UA
12;N934UW
21;N935AE
12;N935AT
30;N935DL
14;N935EV
6;N935FR
14;N935LR
14;N935SW
12;N935UA
12;N935UW
12;N936AT
15;N936CA
30;N936DL
14;N936EV
6;N936FR
14;N936SW
12;N936UA
12;N936UW
12;N937AT
15;N937CA
30;N937DL
14;N937EV
6;N937FR
14;N937SW
12;N937UA
12;N937UW
12;N938AT
15;N938CA
30;N938DL
6;N938FR
14;N938LR
14;N938SW
12;N938UA
12;N938UW
21;N939AE
12;N939AT
30;N939DL
6;N939FR
14;N939LR
14;N939SW
12;N939UW
12;N940AT
15;N940CA
30;N940DL
6;N940FR
29;N940N
12;N940UW
15;N941CA
30;N941DL
6;N941FR
21;N941LT
14;N941SW
12;N941UA
12;N941UW
12;N942AT
30;N942DL
6;N942FR
14;N942LR
12;N942UA
12;N942UW
12;N943AT
30;N943DL
6;N943FR
29;N943N
14;N943SW
29;N944AS
12;N944AT
30;N944DL
6;N944FR
14;N944SW
21;N944UW
12;N945AT
30;N945DL
6;N945FR
29;N945N
14;N945SW
21;N945UW
12;N946AT
30;N946DL
6;N946FR
14;N946SW
21;N946UW
12;N947AT
30;N947DL
6;N947FR
14;N947SW
21;N947UW
29;N948AS
12;N948AT
30;N948DL
6;N948FR
14;N948SW
21;N948UW
12;N949AT
30;N949DL
6;N949FR
21;N949UW
12;N950AT
30;N950DL
6;N950FR
21;N950UW
12;N951AT
30;N951DL
14;N951SW
21;N951UW
12;N952AT
30;N952DL
14;N952SW
21;N952UW
12;N953AT
30;N953DL
14;N953SW
21;N953UW
12;N954AT
15;N954CA
30;N954DL
14;N954SW
21;N954UW
12;N955AT
30;N955DL
14;N955SW
21;N955UW
12;N956AT
15;N956CA
30;N956DL
14;N956LR
14;N956SW
21;N956UW
12;N957AT
15;N957CA
30;N957DL
14;N957SW
21;N957UW
29;N958AS
12;N958AT
15;N958CA
30;N958DL
14;N958SW
21;N958UW
12;N959AT
15;N959CA
30;N959DL
14;N959SW
21;N959UW
29;N960AS
12;N960AT
15;N960CA
30;N960DL
14;N960SW
29;N961AS
12;N961AT
30;N961DL
14;N961SW
29;N962AS
15;N962CA
30;N962DL
14;N962SW
12;N963AT
15;N963CA
30;N963DL
14;N963SW
12;N964AT
15;N964CA
30;N964DL
14;N964SW
12;N965AT
15;N965CA
30;N965DL
14;N965SW
12;N966AT
15;N966CA
30;N966DL
12;N967AT
15;N967CA
30;N967DL
29;N967N
14;N967SW
29;N968AS
12;N968AT
30;N968DL
29;N969AS
12;N969AT
15;N969CA
30;N969DL
14;N969SW
12;N970AT
30;N970DL
14;N970EV
14;N970SW
12;N971AT
30;N971DL
14;N971EV
14;N971SW
29;N972AS
12;N972AT
34;N972CA
30;N972DL
14;N972EV
14;N97325
15;N973CA
30;N973DL
14;N973EV
14;N973SW
12;N974AT
30;N974DL
14;N974EV
29;N975AS
12;N975AT
30;N975DL
14;N975EV
14;N975SW
30;N976DL
14;N976EV
14;N976SW
29;N977AS
12;N977AT
30;N977DL
14;N977EV
12;N978AT
30;N978DL
14;N978EV
14;N978SW
30;N979AS
12;N979AT
30;N979DL
14;N979EV
14;N979SW
12;N980AT
30;N980DL
14;N980EV
14;N980SW
12;N981AT
30;N981DL
14;N981EV
30;N982AS
12;N982AT
30;N982DL
14;N982SW
12;N983AT
15;N983CA
30;N983DL
14;N983SW
15;N984CA
30;N984DL
29;N984US
12;N985AT
30;N985DL
12;N986AT
15;N986CA
30;N986DL
14;N986SW
12;N987AT
30;N987DL
18;N987HA
29;N987US
12;N988AT
15;N988CA
30;N988DL
18;N988HA
12;N989AT
15;N989CA
30;N989DL
18;N989HA
12;N990AT
30;N990DL
12;N991AT
15;N991cA
30;N991DL
18;N991HA
12;N992AT
30;N992DL
12;N993AT
30;N993DL
12;N994AT
31;N994DL
12;N995AT
30;N995DL
12;N996AT
30;N996DL
12;N997AT
30;N997DL
12;N998AT
31;N998DL
15;N999CA
31;N999DN
