tailnum;model
N10156;EMB-145XR
N102UW;A320-214
N10323;737-3TO
N103US;A320-214
N104UA;747-422
N104UW;A320-214
N10575;EMB-145LR
N105UA;747-451
N105UW;A320-214
N106US;A320-214
N107UA;747-422
N107US;A320-214
N108UW;A320-214
N109UW;A320-214
N110UW;A320-214
N11106;EMB-145XR
N11107;EMB-145XR
N11109;EMB-145XR
N11113;EMB-145XR
N11119;EMB-145XR
N11121;EMB-145XR
N11127;EMB-145XR
N11137;EMB-145XR
N11140;EMB-145XR
N11150;EMB-145XR
N11155;EMB-145XR
N11164;EMB-145XR
N11165;EMB-145XR
N11176;EMB-145XR
N11181;EMB-145XR
N11184;EMB-145XR
N11187;EMB-145XR
N11189;EMB-145XR
N11191;EMB-145XR
N11192;EMB-145XR
N11193;EMB-145XR
N11194;EMB-145XR
N11199;EMB-145XR
N111US;A320-214
N11206;737-824
N112US;A320-214
N113UW;A320-214
N114UW;A320-214
N11526;EMB-135LR
N11535;EMB-145LR
N11536;EMB-145LR
N11539;EMB-145LR
N11544;EMB-145LR
N11547;EMB-145LR
N11548;EMB-145LR
N11551;EMB-145LR
N11565;EMB-145LR
N11612;737-524
N11641;737-524
N11651;737-524
N11656;737-524
N116UA;747-422
N117UA;747-422
N117UW;A320-214
N118US;A320-214
N119UA;747-422
N119US;A320-214
N1200K;767-332
N1201P;767-332
N120UA;747-422
N12109;757-224
N12114;757-224
N12116;757-224
N12122;EMB-145XR
N12125;757-224
N12126;EMB-145XR
N12135;EMB-145XR
N12136;EMB-145XR
N12142;EMB-145XR
N12145;EMB-145XR
N12157;EMB-145XR
N12160;EMB-145XR
N12163;EMB-145XR
N12166;EMB-145XR
N12167;EMB-145XR
N12172;EMB-145XR
N12175;EMB-145XR
N12195;EMB-145XR
N121DE;767-332
N121UA;747-422
N121UW;A320-214
N12201;EMB-145XR
N12216;737-824
N12218;737-824
N12221;737-824
N12225;737-824
N12238;737-824
N122UA;747-422
N122US;A320-214
N12313;737-3TO
N12318;737-3TO
N12319;737-3TO
N12322;737-3TO
N12327;737-3TO
N12349;737-3TO
N123UW;A320-214
N124DE;767-332
N124US;A320-214
N12519;EMB-135LR
N12528;EMB-135LR
N12530;EMB-135LR
N12540;EMB-145LR
N12552;EMB-145LR
N12563;EMB-145LR
N12564;EMB-145LR
N12567;EMB-145LR
N12569;EMB-145LR
N125DL;767-332
N126AT;737-76N
N126DL;767-332
N127DL;767-332
N128DL;767-332
N128UA;747-422
N12900;EMB-145LR
N12921;EMB-145LR
N12922;EMB-145LR
N12924;EMB-145LR
N12934;EMB-145EP
N12946;EMB-145EP
N12957;EMB-145LR
N12967;EMB-145LR
N12996;EMB-145LR
N129DL;767-332
N1309T;DC-9-31
N130DL;767-332
N13110;757-224
N13113;757-224
N13118;EMB-145XR
N13123;EMB-145XR
N13124;EMB-145XR
N13132;EMB-145XR
N13133;EMB-145XR
N13138;757-224
N13161;EMB-145XR
N131DN;767-332
N13202;EMB-145XR
N13248;737-824
N132DN;767-332
N1332U;DC-9-31
N1334U;DC-9-31
N133DN;767-332
N134DL;767-332
N13538;EMB-145LR
N13550;EMB-145LR
N13553;EMB-145LR
N13566;EMB-145LR
N135DL;767-332
N13624;737-524
N136DL;767-332
N13716;737-724
N13718;737-724
N13720;737-724
N13750;737-724
N137DL;767-332
N138DL;767-332
N13903;EMB-145LR
N13908;EMB-145LR
N13913;EMB-145LR
N13914;EMB-145LR
N13929;EMB-145EP
N13935;EMB-145EP
N13936;EMB-145EP
N13949;EMB-145LR
N13955;EMB-145LR
N13956;EMB-145LR
N13958;EMB-145LR
N13964;EMB-145LR
N13965;EMB-145LR
N13968;EMB-145LR
N13969;EMB-145LR
N13970;EMB-145LR
N13975;EMB-145LR
N13978;EMB-145LR
N13979;EMB-145LR
N13988;EMB-145LR
N13989;EMB-145LR
N13990;EMB-145LR
N13992;EMB-145LR
N13994;EMB-145LR
N13995;EMB-145LR
N13997;EMB-145LR
N139DL;767-332
N1402A;767-332
N140LL;767-332
N14102;757-224
N14105;EMB-145XR
N14106;757-224
N14107;757-224
N14115;757-224
N14116;EMB-145XR
N14117;EMB-145XR
N14118;757-224
N14120;757-224
N14121;757-224
N14125;EMB-145XR
N14143;EMB-145XR
N14148;EMB-145XR
N14153;EMB-145XR
N14158;EMB-145XR
N14162;EMB-145XR
N14168;EMB-145XR
N14171;EMB-145XR
N14173;EMB-145XR
N14174;EMB-145XR
N14177;EMB-145XR
N14179;EMB-145XR
N14180;EMB-145XR
N14186;EMB-145XR
N14188;EMB-145XR
N14198;EMB-145XR
N14203;EMB-145XR
N14204;EMB-145XR
N14214;737-824
N14219;737-824
N14230;737-824
N14231;737-824
N14237;737-824
N14242;737-824
N14250;737-824
N14308;737-3TO
N14320;737-3TO
N14324;737-3TO
N14325;737-3TO
N14334;737-3TO
N14335;737-3TO
N14336;737-3TO
N14337;737-3TO
N14341;737-3TO
N14342;737-3TO
N14346;737-3TO
N14347;737-3TO
N14358;737-3TO
N143DA;767-332
N144DA;767-332
N14505;EMB-135ER
N14508;EMB-135ER
N14514;EMB-135LR
N14516;EMB-135LR
N14522;EMB-135LR
N14542;EMB-145LR
N14543;EMB-145LR
N14558;EMB-145LR
N14562;EMB-145LR
N14568;EMB-145LR
N14570;EMB-145LR
N14573;EMB-145LR
N14601;737-524
N14604;737-524
N14605;737-524
N14609;737-524
N14613;737-524
N14628;737-524
N14629;737-524
N14639;737-524
N14645;737-524
N14652;737-524
N14653;737-524
N14654;737-524
N14655;737-524
N14664;737-524
N14667;737-524
N14668;737-524
N14704;737-724
N14731;737-724
N14735;737-724
N14902;EMB-145LR
N14904;EMB-145LR
N14905;EMB-145LR
N14907;EMB-145LR
N14916;EMB-145LR
N14920;EMB-145LR
N14923;EMB-145LR
N14925;EMB-145EP
N14930;EMB-145EP
N14933;EMB-145EP
N14937;EMB-145EP
N14938;EMB-145EP
N14939;EMB-145EP
N14940;EMB-145EP
N14942;EMB-145EP
N14943;EMB-145EP
N14945;EMB-145EP
N14947;EMB-145EP
N14950;EMB-145LR
N14952;EMB-145LR
N14953;EMB-145LR
N14959;EMB-145LR
N14960;EMB-145LR
N14972;EMB-145LR
N14974;EMB-145LR
N14977;EMB-145LR
N14991;EMB-145LR
N14993;EMB-145LR
N14998;EMB-145LR
N149AT;737-76N
N1501P;767-3P6
N152DL;767-3P6
N153DL;767-3P6
N154AW;737-3G7
N154DL;767-3P6
N154SF;CL-600-2B19
N15509;EMB-135ER
N15527;EMB-135LR
N15555;EMB-145LR
N15572;EMB-145LR
N15574;EMB-145LR
N155AW;737-3G7
N155DL;767-3P6
N15659;737-524
N156AW;737-3G7
N156DL;767-3P6
N15710;737-724
N15712;737-724
N157AW;737-3G7
N158AW;737-3G7
N15910;EMB-145LR
N15912;EMB-145LR
N15926;EMB-145EP
N15932;EMB-145EP
N15941;EMB-145EP
N15948;EMB-145EP
N15973;EMB-145LR
N15980;EMB-145LR
N15983;EMB-145LR
N15985;EMB-145LR
N15986;EMB-145LR
N1602;767-332
N1603;767-332
N1604R;767-332
N1605;767-332
N16065;767-332
N1607B;767-332
N1608;767-332
N1609;767-332
N160AW;737-3G7
N1610D;767-332
N16112;EMB-145XR
N1611B;767-332
N1612T;767-332
N1613B;767-332
N16147;EMB-145XR
N16149;EMB-145XR
N16151;EMB-145XR
N16170;EMB-145XR
N16178;EMB-145XR
N16183;EMB-145XR
N161UW;A321-211
N16217;737-824
N16234;737-824
N162UW;A321-211
N16301;737-3TO
N16310;737-3TO
N16339;737-3TO
N163US;A321-211
N164AW;737-33A
N16501;EMB-135ER
N16502;EMB-135ER
N16510;EMB-135ER
N16511;EMB-135ER
N16520;EMB-135LR
N16525;EMB-135LR
N16541;EMB-145LR
N16546;EMB-145LR
N16559;EMB-145LR
N16561;EMB-145LR
N16571;EMB-145LR
N165US;A321-211
N16607;737-524
N16618;737-524
N16632;737-524
N16642;737-524
N16646;737-524
N16647;737-524
N16648;737-524
N16649;737-524
N16650;737-524
N166AT;737-7BD
N166AW;737-33A
N16701;737-724
N16703;737-724
N16709;737-724
N16713;737-724
N16732;737-724
N167AT;737-7BD
N167US;A321-211
N168AT;737-76N
N168AW;737-33A
N16911;EMB-145LR
N16918;EMB-145LR
N16919;EMB-145LR
N16927;EMB-145EP
N16944;EMB-145EP
N16951;EMB-145LR
N16954;EMB-145LR
N16961;EMB-145LR
N16963;EMB-145LR
N16976;EMB-145LR
N16981;EMB-145LR
N16987;EMB-145LR
N16999;EMB-145LR
N169AT;737-76N
N169DZ;767-332
N169UW;A321-211
N170US;A321-211
N17104;757-224
N17105;757-224
N17108;EMB-145XR
N17115;EMB-145XR
N17122;757-224
N17126;757-224
N17128;757-224
N17133;757-224
N17138;EMB-145XR
N17139;757-224
N17146;EMB-145XR
N17156;CL-600-2B19
N17159;EMB-145XR
N17169;EMB-145XR
N17175;CL-600-2B19
N17185;EMB-145XR
N17196;EMB-145XR
N171DN;767-332
N171DZ;767-332
N171US;A321-211
N17229;737-824
N17231;CL-600-2B19
N17233;737-824
N17244;737-824
N17245;737-824
N17275;CL-600-2B19
N172DN;767-332
N172DZ;767-332
N172US;A321-211
N17321;737-3TO
N17326;737-3TO
N17328;737-3TO
N17329;737-3TO
N17337;CL-600-2B19
N17344;737-3TO
N17345;737-3TO
N17356;737-3TO
N17358;CL-600-2B19
N173AT;737-76N
N173DN;767-332
N173DZ;767-332
N173UA;747-422
N173US;A321-211
N174AT;737-76N
N174DN;767-332
N174DZ;767-332
N174UA;747-422
N174US;A321-211
N17507;EMB-135ER
N17513;EMB-135LR
N17521;EMB-135LR
N17524;EMB-135LR
N17560;EMB-145LR
N175AT;737-76N
N175AW;737-33A
N175DN;767-332
N175DZ;767-332
N175UA;747-422
N17619;737-524
N17620;737-524
N17627;737-524
N17640;737-524
N17644;737-524
N17663;737-524
N176AT;737-76N
N176DN;767-332
N176DZ;767-332
N176UW;A321-211
N17719;737-724
N17730;737-724
N177DN;767-332
N177DZ;767-332
N177UA;747-422
N177US;A321-211
N178DN;767-332
N178DZ;767-332
N178JB;ERJ 190-100 IGW
N178UA;747-422
N178US;A321-211
N17928;EMB-145EP
N17984;EMB-145LR
N1799U;DC-9-31
N179DN;767-332
N179JB;ERJ 190-100 IGW
N179UA;747-422
N179UW;A321-211
N180DN;767-332
N180UA;747-422
N180US;A321-211
N18101;EMB-145XR
N18102;EMB-145XR
N18112;757-224
N18114;EMB-145XR
N18119;757-224
N18120;EMB-145XR
N181DN;767-332
N181UA;747-422
N181UW;A321-211
N18220;737-824
N18223;737-824
N18243;737-824
N182DN;767-332
N182UA;747-422
N182UW;A321-211
N18350;737-3TO
N183DN;767-332
N183JB;ERJ 190-100 IGW
N183UW;A321-211
N184AT;737-76N
N184DN;767-332
N184JB;ERJ 190-100 IGW
N184US;A321-211
N18556;EMB-145LR
N18557;EMB-145LR
N185DN;767-332
N185UW;A321-211
N18611;737-524
N18622;737-524
N18658;737-524
N186DN;767-332
N186US;A321-211
N187DN;767-332
N187JB;ERJ 190-100 IGW
N187UA;747-422
N187US;A321-211
N188DN;767-332
N188US;A321-211
N18982;EMB-145LR
N189DN;767-332
N189UW;A321-211
N190DN;767-332
N190JB;ERJ 190-100 IGW
N190UW;A321-211
N19117;757-224
N19130;757-224
N19136;757-224
N19141;757-224
N191DN;767-332
N191UW;A321-211
N192DN;767-332
N192JB;ERJ 190-100 IGW
N192UW;A321-211
N19357;737-3TO
N193DN;767-332
N193JB;ERJ 190-100 IGW
N194DN;767-332
N19503;EMB-135ER
N19554;EMB-145LR
N195DN;767-332
N195UA;747-422
N19621;737-524
N19623;737-524
N19638;737-524
N196DN;767-332
N196UA;747-422
N197DN;767-332
N197JB;ERJ 190-100 IGW
N197UA;747-422
N198DN;767-332
N198JB;ERJ 190-100 IGW
N19966;EMB-145LR
N199DN;767-332
N199UA;747-422
N200UU;757-2B7
N200WN;737-7H4
N201AA;150
N201FR;A320-214
N201LV;737-7H4
N201UU;757-2B7
N202AA;421C
N202FR;A320-214
N202UA;737-322
N202UW;757-2B7
N202WN;737-7H4
N203JB;ERJ 190-100 IGW
N203UA;737-322
N203UW;757-23N
N203WN;737-7H4
N204UA;777-222
N204UW;757-23N
N204WN;737-7H4
N205UW;757-23N
N205WN;737-7H4
N206JB;ERJ 190-100 IGW
N206UA;777-222
N206UW;757-2B7
N206WN;737-7H4
N207AA;DC-9-82(MD-82)
N207WN;737-7H4
N208AA;DC-9-82(MD-82)
N208WN;737-7H4
N209UA;777-222
N209WN;737-7H4
N210UA;777-222
N210WN;737-7H4
N21108;757-224
N21129;EMB-145XR
N21130;EMB-145XR
N21144;EMB-145XR
N21154;EMB-145XR
N21197;EMB-145XR
N211NE;SAAB 340B
N211UA;777-222
N211WN;737-7H4
N212UA;777-222
N212WN;737-7H4
N213UA;777-222
N213WN;737-7H4
N214AA;DC-9-82(MD-82)
N214UA;777-222
N214WN;737-7H4
N21537;EMB-145LR
N215SW;EMB-120ER
N215UA;777-222
N215WN;737-7H4
N216JB;ERJ 190-100 IGW
N216SW;EMB-120
N216UA;777-222
N216WR;737-7H4
N21723;737-724
N217JC;737-7H4
N217SW;EMB-120ER
N217UA;777-222
N218AA;DC-9-82(MD-82)
N218AE;SAAB 340B
N218SW;EMB-120ER
N218UA;777-222
N218WN;737-7H4
N219AA;DC-9-82(MD-82)
N219AE;SAAB 340B
N219UA;777-222
N219WN;737-7H4
N220SW;EMB-120ER
N220UA;777-222
N220WN;737-7H4
N221SW;EMB-120ER
N221UA;777-222
N221WN;737-7H4
N222UA;777-222
N222WN;737-7H4
N223AA;DC-9-82(MD-82)
N223SW;EMB-120ER
N223UA;777-222
N223WN;737-7H4
N224SW;EMB-120ER
N224UA;777-222
N224WN;737-7H4
N225UA;777-222
N225WN;737-7H4
N226SW;EMB-120ER
N226UA;777-222
N226WN;737-7H4
N227AA;DC-9-82(MD-82)
N227SW;EMB-120ER
N227UA;777-222
N227WN;737-7H4
N228JB;ERJ 190-100 IGW
N228UA;777-222
N228WN;737-7H4
N22909;EMB-145LR
N22971;EMB-145LR
N229JB;ERJ 190-100 IGW
N229SW;EMB-120ER
N229UA;777-222
N229WN;737-7H4
N230WN;737-7H4
N23139;EMB-145XR
N231JB;ERJ 190-100 IGW
N231WN;737-7H4
N232AA;DC-9-82(MD-82)
N232AE;SAAB 340B
N232SW;EMB-120ER
N232WN;737-7H4
N233AA;DC-9-82(MD-82)
N233LV;737-7H4
N233SW;EMB-120ER
N234AA;DC-9-82(MD-82)
N234SW;EMB-120ER
N234WN;737-7H4
N235SW;EMB-120ER
N235WN;737-7H4
N23661;737-524
N236AA;DC-9-82(MD-82)
N236AE;SAAB 340B
N236JB;ERJ 190-100 IGW
N236SW;EMB-120ER
N236WN;737-7H4
N23707;737-724
N23708;737-724
N23721;737-724
N237AA;DC-9-82(MD-82)
N237SW;EMB-120ER
N237WN;737-7H4
N238AE;SAAB 340B
N238JB;ERJ 190-100 IGW
N238WN;737-7H4
N239JB;ERJ 190-100 IGW
N239WN;737-7H4
N240AT;737-76N
N240DS;SAAB 340B
N240WN;737-7H4
N24103;EMB-145XR
N24128;EMB-145XR
N241AA;DC-9-82(MD-82)
N241WN;737-7H4
N24202;737-824
N24211;737-824
N24212;737-824
N24224;737-824
N242AA;DC-9-82(MD-82)
N242WN;737-7H4
N243WN;737-7H4
N244AA;DC-9-82(MD-82)
N244WN;737-7H4
N24517;EMB-135LR
N245AA;DC-9-82(MD-82)
N245AY;767-201
N245WN;737-7H4
N24633;737-524
N246AA;DC-9-82(MD-82)
N246AY;767-201
N246LV;737-7H4
N24702;737-724
N24706;737-724
N24715;737-724
N24729;737-724
N24736;737-724
N247JB;ERJ 190-100 IGW
N247WN;737-7H4
N248AA;DC-9-82(MD-82)
N248AY;767-201
N248WN;737-7H4
N249AA;DC-9-82(MD-82)
N249AU;767-201
N249JB;ERJ 190-100 IGW
N249WN;737-7H4
N250AE;SAAB 340B
N250AY;767-201
N250WN;737-7H4
N250YV;EMB-120ER
N25134;EMB-145XR
N251AA;DC-9-82(MD-82)
N251AY;767-2B7
N251WN;737-7H4
N251YV;EMB-120ER
N252AU;767-2B7
N252WN;737-7H4
N253AE;SAAB 340B
N253AY;767-2B7
N253WN;737-7H4
N254WN;737-7H4
N25504;EMB-135ER
N255AA;DC-9-82(MD-82)
N255AY;767-2B7
N255WN;737-7H4
N256AY;767-2B7
N256WN;737-7H4
N25705;737-724
N257WN;737-7H4
N258AA;DC-9-82(MD-82)
N258JB;ERJ 190-100 IGW
N258WN;737-7H4
N259AA;DC-9-82(MD-82)
N259WN;737-7H4
N260WN;737-7H4
N26123;757-224
N26141;EMB-145XR
N261AT;737-76N
N261WN;737-7H4
N26208;737-824
N26210;737-824
N26215;737-824
N26226;737-824
N262AA;DC-9-82(MD-82)
N262WN;737-7H4
N263AE;SAAB 340B
N263WN;737-7H4
N264LV;737-7H4
N26545;EMB-145LR
N26549;EMB-145LR
N265JB;ERJ 190-100 IGW
N265WN;737-7H4
N266AA;DC-9-82(MD-82)
N266AE;SAAB 340B
N266JB;ERJ 190-100 IGW
N266WN;737-7H4
N267AT;737-7BD
N267JB;ERJ 190-100 IGW
N267WN;737-7H4
N268AT;737-7BD
N268WN;737-7H4
N269WN;737-7H4
N27015;777-224
N270AY;A330-323
N270WN;737-705
N270YV;EMB-120ER
N27152;EMB-145XR
N27172;CL-600-2B19
N27173;CL-600-2B19
N27185;CL-600-2B19
N27190;EMB-145XR
N27191;CL-600-2B19
N271AA;DC-9-82(MD-82)
N271AY;A330-323
N271WN;65-A90
N271YV;EMB-120ER
N27200;EMB-145XR
N27205;737-824
N27213;737-824
N27239;737-824
N272AT;737-7BD
N272AY;A330-323
N272WN;737-7H4
N27314;CL-600-2B19
N27318;CL-600-2B19
N273AE;SAAB 340B
N273AT;737-76N
N273AY;A330-323
N273JB;ERJ 190-100 IGW
N273WN;737-7H4
N274AA;DC-9-82(MD-82)
N274AY;A330-323
N274JB;ERJ 190-100 IGW
N274WN;737-7H4
N27506;EMB-135ER
N27512;EMB-135ER
N27523;EMB-135LR
N275AY;A330-323
N275WN;737-7H4
N27610;737-524
N276AT;737-76N
N276AY;A330-323
N276WN;737-7H4
N27722;737-724
N27724;737-724
N27733;737-724
N27734;737-724
N277AY;A330-323
N277WN;737-7H4
N278AA;DC-9-82(MD-82)
N278AT;737-76N
N278AY;A330-323
N278WN;737-7H4
N27962;EMB-145
N279AA;DC-9-82(MD-82)
N279AT;737-76N
N279JB;ERJ 190-100 IGW
N279WN;737-7H4
N280WN;737-7H4
N281AT;737-7BD
N281JB;ERJ 190-100 IGW
N281WN;737-7H4
N282WN;737-7H4
N283AA;DC-9-82(MD-82)
N283AT;737-7BD
N283JB;ERJ 190-100 IGW
N283WN;737-7H4
N284AT;737-76N
N284JB;ERJ 190-100 IGW
N284WN;737-7H4
N284YV;EMB-120ER
N28518;EMB-135LR
N28529;EMB-135LR
N285AT;737-76N
N285WN;737-7H4
N286AE;SAAB 340B
N286AT;737-7BD
N286WN;737-7H4
N287AA;DC-9-82(MD-82)
N287AT;737-76N
N287WN;737-7H4
N288AT;737-7BD
N288JB;ERJ 190-100 IGW
N288SW;EMB-120ER
N288WN;737-7H4
N289AA;DC-9-82(MD-82)
N289AT;737-76N
N289CT;737-7H4
N289JB;ERJ 190-100 IGW
N289YV;EMB-120ER
N290AA;DC-9-82(MD-82)
N290AT;737-7BD
N290JB;ERJ 190-100 IGW
N290SW;EMB-120ER
N290WN;737-7H4
N29124;757-224
N29129;757-224
N291AA;DC-9-82(MD-82)
N291AT;737-76N
N291SW;EMB-120ER
N291WN;737-7H4
N292AA;DC-9-82(MD-82)
N292AT;737-7BD
N292SW;EMB-120ER
N292UX;EMB-120ER
N292WN;737-7H4
N293;T337G
N293AA;DC-9-82(MD-82)
N293SW;EMB-120ER
N294SW;EMB-120ER
N294WN;737-7H4
N29515;EMB-135LR
N295AT;737-76N
N295SW;EMB-120ER
N295UX;EMB-120ER
N295WN;737-7H4
N296AT;737-7BD
N296SW;EMB-120ER
N296WN;737-7H4
N29717;737-724
N297AA;DC-9-82(MD-82)
N297SW;EMB-120ER
N297WN;737-7H4
N298AA;DC-9-82(MD-82)
N298AE;SAAB 340B
N298SW;EMB-120ER
N298WN;737-7H4
N29906;EMB-145LR
N29917;EMB-145LR
N299AT;737-76N
N299SW;EMB-120ER
N299WN;737-7H4
N300AT;737-7BD
N300SW;737-3H4
N301AE;SAAB 340B
N301NB;A319-114
N301SW;737-3H4
N301UA;737-322
N301US;A320-211
N301YV;EMB-120ER
N302AS;737-990
N302AW;737-3G7
N302NB;A319-114
N302SW;737-3H4
N302UA;737-322
N303AS;737-990
N303AW;737-3G7
N303SW;737-3H4
N303UA;737-322
N303US;A320-211
N30401;737-924
N304AE;SAAB 340B
N304SW;737-3H4
N304UA;737-322
N304US;A320-211
N305AS;737-990
N305AW;737-3G7
N305SW;737-3H4
N305UA;737-322
N305US;A320-211
N306AS;737-990
N306AW;737-3G7
N306SW;737-3H4
N306UA;737-322
N307AE;SAAB 340B
N307AS;737-990
N307AT;737-7BD
N307AW;737-3G7
N307SW;737-3H4
N307UA;737-322
N308AT;737-7BD
N308AW;737-3G7
N308SA;737-3Y0
N308SW;EMB-120ER
N308UA;737-322
N309AS;737-990
N309AT;737-7BD
N309AW;737-3G7
N309SW;737-3H4
N309UA;737-322
N309US;A320-211
N310NW;A320-211
N310SW;737-3H4
N310UA;737-322
N31131;EMB-145XR
N311AT;737-7BD
N311AW;737-3G7
N311SW;737-3H4
N311UA;737-322
N311US;A320-211
N312AT;737-7BD
N312SW;737-3H4
N312UA;737-322
N312US;A320-211
N313AE;SAAB 340B
N313AT;737-7BD
N313AW;737-3S3
N313SW;737-3H4
N313UA;737-322
N313US;A320-211
N31412;737-924
N314AW;737-3S3
N314NB;A319-114
N314SW;737-3H4
N314UA;737-322
N314US;A320-211
N315AS;737-990
N315AT;737-7BD
N315AW;737-3S3
N315NB;A319-114
N315SW;737-3H4
N315UA;737-322
N315US;A320-211
N316AT;737-7BD
N316AW;737-3S3
N316NB;A319-114
N316SW;737-3H4
N316US;A320-211
N317AE;SAAB 340B
N317AS;737-990
N317AT;737-7BD
N317CA;CL-600-2C10
N317NB;A319-114
N317US;A320-211
N317WN;737-3Q8
N318AS;737-990
N318AT;737-7BD
N318NB;A319-114
N318SW;737-3H4
N318UA;737-322
N318US;A320-211
N319AA;767-223
N319AS;737-990
N319NB;A319-114
N319US;A320-211
N320AA;767-223
N320AE;SAAB 340B
N320AS;737-990
N320NB;A319-114
N320US;A320-211
N321AA;767-223
N321NB;A319-114
N321US;A320-211
N322AA;767-223
N322AW;737-3G7
N322NB;A319-114
N322SW;737-3H4
N322US;A320-211
N323AA;767-223
N323AE;SAAB 340B
N323AS;737-990
N323NB;A319-114
N323SW;737-3H4
N323US;A320-211
N32404;737-924
N324AA;767-223
N324AE;SAAB 340B
N324NB;A319-114
N324SW;737-3H4
N324US;A320-211
N325AA;767-223
N325NB;A319-114
N325SW;737-3H4
N325UA;737-322
N325US;A320-211
N32626;737-524
N326AT;737-7BD
N326NB;A319-114
N326SW;737-3H4
N326UA;737-322
N326US;A320-211
N327AA;767-223
N327NB;A319-114
N327NW;A320-211
N327SW;737-3H4
N327UA;737-322
N328AA;767-223
N328AT;737-7BD
N328NB;A319-114
N328NW;A320-211
N328SW;737-3H4
N328UA;737-322
N329AA;767-223
N329AE;SAAB 340B
N329AT;737-7BD
N329NB;A319-114
N329NW;A320-211
N329SW;737-3H4
N329UA;737-322
N330AT;737-7BD
N330NB;A319-114
N330NW;A320-211
N330SW;737-3H4
N330UA;737-322
N33103;757-224
N33132;757-224
N33182;EMB-145XR
N331AT;737-7BD
N331CA;CL-600-2C10
N331NB;A319-114
N331NW;A320-211
N331SW;737-3H4
N331UA;737-322
N33203;737-824
N33209;737-824
N3324L;DC-9-32
N33262;737-824
N33264;737-824
N33266;737-824
N33284;737-824
N33286;737-824
N33289;737-824
N33292;737-824
N33294;737-824
N332AA;767-223
N332AW;737-3B7
N332NB;A319-114
N332NW;A320-211
N332SW;737-3H4
N332UA;737-322
N333NB;A319-114
N333NW;A320-211
N333SW;737-3H4
N333UA;737-322
N334AW;737-3Y0
N334NB;A319-114
N334NW;A320-212
N334SW;737-3H4
N334UA;737-322
N335AA;767-223
N335NB;A319-114
N335NW;A320-212
N335SW;737-3H4
N335UA;737-322
N33608;737-524
N336AA;767-223
N336AT;737-7BD
N336NB;A319-114
N336NW;A320-212
N336SW;737-3H4
N336UA;737-322
N33714;737-724
N337AT;737-7BD
N337NB;A319-114
N337NW;A320-212
N337SW;737-3H4
N337UA;737-322
N338AA;767-223
N338AT;737-7BD
N338NB;A319-114
N338NW;A320-212
N338SW;737-3H4
N338UA;737-322
N339AA;767-223
N339NB;A319-114
N339NW;A320-212
N339SW;737-3H4
N339UA;737-322
N340CA;CL-600-2C10
N340LV;737-3K2
N340NB;A319-114
N340NW;A320-212
N340RC;SAAB 340B
N340UA;737-322
N34110;EMB-145XR
N34111;EMB-145XR
N34131;757-224
N34137;757-224
N341NB;A319-114
N341NW;A320-212
N341SW;737-3H4
N341UA;737-322
N34222;737-824
N34282;737-824
N342NB;A319-114
N342NW;A320-212
N342SW;737-3H4
N342UA;737-322
N343AA;S-76A
N343NB;A319-114
N343NW;A320-212
N343SW;737-3H4
N344AA;G-IV
N344AT;737-7BD
N344NB;A319-114
N344NW;A320-212
N344SW;737-3H4
N345AA;G-IV
N345NB;A319-114
N345NW;A320-212
N345SA;737-3K2
N346NB;A319-114
N346SW;737-3H4
N346UA;737-322
N347AA;S-76A
N347NB;A319-114
N347NW;A320-212
N347SW;737-3H4
N347UA;737-322
N348AA;S-76A
N348NB;A319-114
N348NW;A320-212
N348SW;737-3H4
N348UA;737-322
N349AA;AS 355F1
N349NB;A319-114
N349NW;A320-212
N349SW;737-3H4
N349UA;737-322
N350AA;PA-31-350
N350NA;A320-212
N350SW;737-3H4
N350UA;737-322
N351AA;767-323
N351NB;A319-114
N351NW;A320-212
N351SW;737-3H4
N351UA;737-322
N35204;737-824
N35260;737-824
N35271;737-824
N352AA;767-323
N352NB;A319-114
N352NW;A320-212
N352SW;737-3H4
N353AA;767-323
N353NB;A319-114
N353NW;A320-212
N353SW;737-3H4
N35407;737-924
N354AA;767-323
N354CA;CL-600-2C10
N354NB;A319-114
N354NW;A320-212
N354SW;737-3H4
N355AA;767-323
N355CA;CL-600-2C10
N355NB;A319-114
N355NW;A320-212
N355SW;737-3H4
N356NW;A320-212
N356SW;737-3H4
N357AA;767-323
N357NB;A319-114
N357NW;A320-212
N357SW;737-3H4
N358AA;767-323
N358NB;A319-114
N358NW;A320-212
N358SW;737-3H4
N359AA;767-323
N359NB;A319-114
N359NW;A320-212
N359SW;737-3H4
N360AA;767-323
N360NB;A319-114
N360NW;A320-212
N360SW;737-3H4
N361AA;767-323
N361NB;A319-114
N361NW;A320-212
N361SW;737-3H4
N36207;737-824
N36247;737-824
N36272;737-824
N36280;737-824
N362AA;767-323
N362NB;A319-114
N362NW;A320-212
N362SW;737-3H4
N363AA;767-323
N363NB;A319-114
N363NW;A320-212
N363SW;737-3H4
N364NB;A319-114
N364NW;A320-212
N364SW;737-3H4
N364UA;737-322
N365AA;A109E
N365NB;A319-114
N365NW;A320-212
N365SW;737-3H4
N365UA;737-322
N366AA;767-323
N366NB;A319-114
N366NW;A320-212
N366SW;737-3H4
N366UA;737-322
N367CA;CL-600-2C10
N367NW;A320-212
N367SW;737-3H4
N367UA;737-322
N368AA;767-323
N368CA;CL-600-2C10
N368NB;A319-114
N368NW;A320-212
N368SW;737-3H4
N36915;EMB-145LR
N369AA;767-323
N369CA;CL-600-2C10
N369NB;A319-114
N369NW;A320-212
N369SW;737-3H4
N369UA;737-322
N37018;777-224
N370AA;767-323
N370NB;A319-114
N370NW;A320-212
N370SW;737-3H4
N370UA;737-322
N37178;CL-600-2B19
N371AA;767-323
N371CA;CL-600-2C10
N371DA;737-832
N371NB;A319-114
N371NW;A320-212
N371SW;737-3H4
N371UA;737-322
N37208;CL-600-2B19
N37252;737-824
N37253;737-824
N37255;737-824
N37263;737-824
N37267;737-824
N37273;737-824
N37274;737-824
N37277;737-824
N37281;737-824
N37287;737-824
N37290;737-824
N37293;737-824
N37298;737-824
N372AA;767-323
N372DA;737-832
N372NW;A320-212
N372SW;737-3H4
N372UA;737-322
N3730B;737-832
N3731T;737-832
N3732J;737-832
N3733Z;737-832
N37342;CL-600-2B19
N3734B;737-832
N3735D;737-832
N3736C;737-832
N3737C;737-832
N3738B;737-832
N373AA;767-323
N373DA;737-832
N373NW;A320-212
N373SW;737-3H4
N373UA;737-322
N37408;737-924
N37409;737-924
N3740C;737-832
N37413;737-924ER
N37419;737-924ER
N3741S;737-832
N37420;737-924ER
N3742C;737-832
N3743H;737-832
N3744D;182A
N3745B;737-832
N3746H;737-832
N3747D;737-832
N3748Y;737-832
N3749D;737-832
N374AA;767-323
N374CA;CL-600-2C10
N374DA;737-832
N374NW;A320-212
N374SW;737-3H4
N374UA;737-322
N3750D;737-832
N3751B;737-832
N3752;737-832
N3753;737-832
N3754A;737-832
N3755D;737-832
N3756;737-832
N3757D;737-832
N3758Y;737-832
N3759;737-832
N375AA;690A
N375DA;737-832
N375NC;A320-212
N375SW;737-3H4
N375UA;737-322
N3760C;737-832
N37615;737-524
N3761R;737-832
N3762Y;737-832
N3763D;737-832
N3764D;737-832
N3765;737-832
N3766;737-832
N3767;737-832
N3768;737-832
N3769L;737-832
N376AA;PA-32RT-300
N376CA;CL-600-2C10
N376DA;737-832
N376NW;A320-212
N376SW;737-3H4
N376UA;737-322
N37700;737-832
N3771K;737-832
N377AA;FALCON XP
N377DA;737-832
N377NW;A320-211
N377UA;737-322
N378AA;172E
N378CA;CL-600-2C10
N378DA;737-832
N378NW;A320-211
N378SW;737-3H4
N378UA;737-322
N379AA;767-323
N379CA;CL-600-2C10
N379DA;737-832
N379SW;737-3H4
N379UA;737-322
N380AA;AS 355F1
N380DA;737-832
N380SW;737-3H4
N381AA;DC-7BF
N381UA;737-322
N38257;737-824
N38268;737-824
N382AA;1121
N382DA;737-832
N382SW;737-3H4
N382UA;737-322
N383AA;E-90
N383DN;737-832
N383SW;737-3H4
N383UA;737-322
N38403;737-924
N38417;737-924ER
N384AA;767-323
N384AE;SAAB 340B
N384DA;737-832
N384SW;737-3H4
N385DN;737-832
N385SW;737-3H4
N385UA;737-322
N386AA;767-323
N386DA;737-832
N386SW;737-3H4
N386UA;737-322
N38727;737-724
N387DA;737-832
N387SW;737-3H4
N388AA;767-323
N388DA;737-832
N388SW;737-3H4
N389AA;767-323
N389DA;737-832
N389SW;737-3H4
N390AA;767-323
N390CA;CL-600-2C10
N390DA;737-832
N390SW;737-3H4
N391AA;767-323
N391CA;CL-600-2C10
N391DA;737-832
N391SW;737-3H4
N39297;737-824
N392DA;737-832
N392SW;737-3H4
N39343;737-3TO
N393DA;737-832
N393SW;EMB-120ER
N39415;737-924ER
N39416;737-924ER
N39418;737-924ER
N394AA;A-1B
N394AE;SAAB 340B
N394DA;737-832
N394DL;767-324
N394SW;737-3H4
N395AA;A-1B
N395DN;737-832
N395SW;737-3H4
N396DA;737-832
N396SW;737-3H4
N39726;737-724
N39728;737-724
N397DA;737-832
N397SW;737-3H4
N398CA;CL-600-2C10
N398DA;737-832
N398SW;737-3H4
N398UA;737-322
N399DA;737-832
N399UA;737-322
N399WN;737-3H4
N400AA;DC-9-82(MD-82)
N400WN;737-7H4
N401AA;S-50A
N401EA;DC-9-51
N401UA;A320-232
N401WN;737-7H4
N402AA;S55A
N402UA;A320-232
N402WN;737-7H4
N403CA;CL-600-2B19
N403SW;CL-600-2B19
N403UA;A320-232
N403WN;737-7H4
N404UA;A320-232
N404US;737-401
N404WN;737-7H4
N405AA;S55A
N405SW;CL-600-2B19
N405UA;A320-232
N405US;737-401
N405WN;737-7H4
N406SW;CL-600-2B19
N406UA;A320-232
N406US;737-401
N406WN;737-7H4
N407AA;DC-9-82(MD-82)
N407SW;CL-600-2B19
N407UA;A320-232
N407WN;737-7H4
N408AA;DC-9-82(MD-82)
N408CA;CL-600-2B19
N408SW;CL-600-2B19
N408UA;A320-232
N408WN;737-7H4
N409AA;DC-9-82(MD-82)
N409CA;CL-600-2B19
N409SW;CL-600-2B19
N409UA;A320-232
N409US;737-401
N409WN;737-7H4
N410AA;DC-9-82(MD-82)
N410SW;CL-600-2B19
N410UA;A320-232
N410WN;737-7H4
N41104;EMB-145XR
N41135;757-224
N41140;757-224
N411AA;DC-9-82(MD-82)
N411SW;CL-600-2B19
N411UA;A320-232
N411WN;737-7H4
N412AA;DC-9-82(MD-82)
N412SW;CL-600-2B19
N412UA;A320-232
N412WN;737-7H4
N413AA;DC-9-82(MD-82)
N413SW;CL-600-2B19
N413UA;A320-232
N413WN;737-7H4
N414UA;A320-232
N414WN;737-7H4
N415AA;DC-9-82(MD-82)
N415UA;A320-232
N415WN;737-7H4
N416AA;DC-9-82(MD-82)
N416SW;CL-600-2B19
N416UA;A320-232
N416WN;737-7H4
N417AA;DC-9-82(MD-82)
N417SW;CL-600-2B19
N417UA;A320-232
N417US;737-401
N417WN;737-7H4
N418AA;DC-9-82(MD-82)
N418SW;CL-600-2B19
N418UA;A320-232
N418US;737-401
N418WN;737-7H4
N419AA;DC-9-82(MD-82)
N419UA;A320-232
N419US;737-401
N419WN;737-7H4
N420AA;DC-9-82(MD-82)
N420CA;CL-600-2B19
N420UA;A320-232
N420US;737-401
N420WN;737-7H4
N421AA;421C
N421LV;737-7H4
N421UA;A320-232
N421US;737-401
N422AA;DC-9-82(MD-82)
N422UA;A320-232
N422US;737-401
N422WN;737-7H4
N423AA;DC-9-82(MD-82)
N423SW;CL-600-2B19
N423UA;A320-232
N423US;737-401
N423WN;737-7H4
N424AA;DC-9-82(MD-82)
N424UA;A320-232
N424US;737-401
N424WN;737-7H4
N425AA;PA-28-180
N425LV;737-7H4
N425UA;A320-232
N425US;737-401
N426AA;DC-9-82(MD-82)
N426SW;CL-600-2B19
N426UA;A320-232
N426US;737-4B7
N426WN;737-7H4
N427AA;DC-9-82(MD-82)
N427CA;CL-600-2B19
N427SW;CL-600-2B19
N427UA;A320-232
N427US;737-4B7
N427WN;737-7H4
N428AA;DC-9-82(MD-82)
N428UA;A320-232
N428WN;737-7H4
N429AA;DC-9-82(MD-82)
N429SW;CL-600-2B19
N429UA;A320-232
N429WN;737-7H4
N430AA;DC-9-82(MD-82)
N430CA;CL-600-2B19
N430SW;CL-600-2B19
N430UA;A320-232
N430US;737-4B7
N430WN;737-7H4
N431AA;DC-9-82(MD-82)
N431SW;CL-600-2B19
N431UA;A320-232
N431WN;737-7H4
N432AA;DC-9-82(MD-82)
N432SW;CL-600-2B19
N432UA;A320-232
N432US;737-4B7
N432WN;737-7H4
N433AA;DC-9-83(MD-83)
N433LV;737-7H4
N433SW;CL-600-2B19
N433UA;A320-232
N433US;737-4B7
N434AA;DC-9-83(MD-83)
N434UA;A320-232
N434US;737-4B7
N434WN;737-7H4
N434YV;DHC-8-202
N435AA;DC-9-83(MD-83)
N435CA;CL-600-2B19
N435SW;CL-600-2B19
N435UA;A320-232
N435US;737-4B7
N435WN;737-7H4
N436AA;DC-9-83(MD-83)
N436CA;CL-600-2B19
N436UA;A320-232
N436WN;737-7H4
N436YV;DHC-8-202
N437AA;DC-9-83(MD-83)
N437SW;CL-600-2B19
N437UA;A320-232
N437WN;737-7H4
N437YV;DHC-8-202
N438AA;DC-9-83(MD-83)
N438SW;CL-600-2B19
N438UA;A320-232
N438US;737-4B7
N438WN;737-7H4
N439AA;DC-9-83(MD-83)
N439SW;CL-600-2B19
N439UA;A320-232
N439US;737-4B7
N439WN;737-7H4
N440AA;DC-9-82(MD-82)
N440LV;737-7H4
N440SW;CL-600-2B19
N440UA;A320-232
N440US;737-4B7
N441AA;DC-9-82(MD-82)
N441SW;CL-600-2B19
N441UA;A320-232
N441US;737-4B7
N441WN;737-7H4
N442AA;DC-9-82(MD-82)
N442CA;CL-600-2B19
N442SW;CL-600-2B19
N442UA;A320-232
N442US;737-4B7
N442WN;737-7H4
N443AA;DC-9-82(MD-82)
N443CA;CL-600-2B19
N443SW;CL-600-2B19
N443UA;A320-232
N443US;737-4B7
N443WN;737-7H4
N444AA;182P
N444UA;A320-232
N444US;737-4B7
N444WN;737-7H4
N444YV;DHC-8-202
N445AA;DC-9-82(MD-82)
N445SW;CL-600-2B19
N445UA;A320-232
N445US;737-4B7
N445WN;737-7H4
N445YV;DHC-8-202
N446AA;DC-9-82(MD-82)
N446CA;CL-600-2B19
N446SW;CL-600-2B19
N446UA;A320-232
N446WN;737-7H4
N446YV;DHC-8-202
N447AA;DC-9-82(MD-82)
N447CA;CL-600-2B19
N447SW;CL-600-2B19
N447UA;A320-232
N447WN;737-7H4
N447YV;DHC-8-202
N448AA;DC-9-82(MD-82)
N448SW;CL-600-2B19
N448UA;A320-232
N448WN;737-7H4
N448YV;DHC-8-202
N449AA;DC-9-82(MD-82)
N449SW;CL-600-2B19
N449UA;A320-232
N449US;737-4B7
N449WN;737-7H4
N449YV;DHC-8-202
N450AA;DC-9-82(MD-82)
N450UW;737-4B7
N450WN;737-7H4
N451AA;DC-9-82(MD-82)
N451CA;CL-600-2B19
N451UA;A320-232
N451UW;737-4B7
N451WN;737-7H4
N452AA;DC-9-82(MD-82)
N452SW;CL-600-2B19
N452UA;A320-232
N452UW;737-4B7
N452WN;737-7H4
N453AA;DC-9-82(MD-82)
N453SW;CL-600-2B19
N453UA;A320-232
N453UW;737-4B7
N453WN;737-7H4
N454AA;DC-9-82(MD-82)
N454SW;CL-600-2B19
N454UA;A320-232
N454UW;737-4B7
N454WN;737-7H4
N454YV;DHC-8-202
N455AA;DC-9-82(MD-82)
N455CA;CL-600-2B19
N455SW;CL-600-2B19
N455UA;A320-232
N455UW;737-4B7
N455WN;737-7H4
N455YV;DHC-8-202
N456AA;DC-9-82(MD-82)
N456UA;A320-232
N456UW;737-4B7
N456WN;737-7H4
N456YV;DHC-8-202
N457AA;DC-9-82(MD-82)
N457SW;CL-600-2B19
N457UA;A320-232
N457UW;737-4B7
N457WN;737-7H4
N458AA;DC-9-82(MD-82)
N458UA;A320-232
N458UW;737-4B7
N458WN;737-7H4
N459AA;DC-9-82(MD-82)
N459SW;CL-600-2B19
N459UA;A320-232
N459UW;737-4B7
N459WN;737-7H4
N460AA;DC-9-82(MD-82)
N460SW;CL-600-2B19
N460UA;A320-232
N460UW;737-4B7
N460WN;737-7H4
N461AA;DC-9-82(MD-82)
N461SW;CL-600-2B19
N461UA;A320-232
N461WN;737-7H4
N462AA;DC-9-82(MD-82)
N462UA;A320-232
N462WN;737-7H4
N463AA;DC-9-82(MD-82)
N463SW;CL-600-2B19
N463UA;A320-232
N463WN;737-7H4
N464AA;DC-9-82(MD-82)
N464SW;CL-600-2B19
N464UA;A320-232
N464WN;737-7H4
N465SW;CL-600-2B19
N465UA;A320-232
N465WN;737-7H4
N46625;737-524
N466AA;DC-9-82(MD-82)
N466SW;CL-600-2B19
N466UA;A320-232
N466WN;737-7H4
N467AA;DC-9-82(MD-82)
N467UA;A320-232
N467WN;737-7H4
N468AA;DC-9-82(MD-82)
N468CA;CL-600-2B19
N468UA;A320-232
N468WN;737-7H4
N469AA;DC-9-82(MD-82)
N469UA;A320-232
N469WN;737-7H4
N470AA;DC-9-82(MD-82)
N470UA;A320-232
N470WN;737-7H4
N471AA;DC-9-82(MD-82)
N471CA;CL-600-2B19
N471UA;A320-232
N47202;CL-600-2B19
N472AA;DC-9-82(MD-82)
N472CA;CL-600-2B19
N472UA;A320-232
N472WN;737-7H4
N47332;737-3TO
N473AA;DC-9-82(MD-82)
N473UA;A320-232
N473WN;737-7H4
N47414;737-924ER
N474AA;172M
N474UA;A320-232
N474WN;737-7H4
N475AA;DC-9-82(MD-82)
N475HA;717-200
N475UA;A320-232
N475WN;737-7H4
N476AA;DC-9-82(MD-82)
N476HA;717-200
N476UA;A320-232
N476WN;737-7H4
N477AA;DC-9-82(MD-82)
N477CA;CL-600-2B19
N477HA;717-200
N477UA;A320-232
N477WN;737-7H4
N478AA;DC-9-82(MD-82)
N478HA;717-200
N478UA;A320-232
N478WN;737-7H4
N479AA;DC-9-82(MD-82)
N479CA;CL-600-2B19
N479HA;717-200
N479UA;A320-232
N479WN;737-7H4
N480AA;DC-9-82(MD-82)
N480HA;717-200
N480UA;A320-232
N480WN;737-7H4
N48127;757-224
N481AA;DC-9-82(MD-82)
N481HA;717-200
N481UA;A320-232
N481WN;737-7H4
N482AA;DC-9-82(MD-82)
N482UA;A320-232
N482WN;737-7H4
N483UA;A320-232
N483WN;737-7H4
N484AA;DC-9-82(MD-82)
N484HA;717-200
N484UA;A320-232
N484WN;737-7H4
N485AA;DC-9-82(MD-82)
N485HA;717-200
N485UA;A320-232
N485WN;737-7H4
N486AA;DC-9-82(MD-82)
N486HA;717-200
N486UA;A320-232
N486WN;737-7H4
N487AA;DC-9-82(MD-82)
N487CA;CL-600-2B19
N487HA;717-200
N487UA;A320-232
N487WN;737-7H4
N488AA;DC-9-82(MD-82)
N488UA;A320-232
N488WN;737-7H4
N48901;EMB-145LR
N489AA;DC-9-82(MD-82)
N489UA;A320-232
N489WN;737-7H4
N490AA;DC-9-82(MD-82)
N490UA;A320-232
N490WN;737-7H4
N491AA;DC-9-82(MD-82)
N491UA;A320-232
N491WN;737-7H4
N492AA;DC-9-82(MD-82)
N492SW;CL-600-2B19
N492UA;A320-232
N492WN;737-7H4
N493AA;DC-9-82(MD-82)
N493UA;A320-232
N493WN;737-7H4
N494AA;DC-9-82(MD-82)
N494CA;CL-600-2B19
N494UA;A320-232
N494WN;737-7H4
N495AA;DC-9-82(MD-82)
N495CA;CL-600-2B19
N495UA;A320-232
N495WN;737-7H4
N496AA;DC-9-82(MD-82)
N496CA;CL-600-2B19
N496UA;A320-232
N496WN;737-7H4
N497AA;DC-9-82(MD-82)
N497UA;A320-232
N497WN;737-7H4
N498AA;DC-9-82(MD-82)
N498CA;CL-600-2B19
N498UA;A320-232
N498WN;737-7H4
N499AA;DC-9-82(MD-82)
N499WN;737-7H4
N500AE;CL-600-2C10
N501AA;DC-9-82(MD-82)
N501BG;CL-600-2C10
N501MJ;CL-600-2C10
N501SW;737-5H4
N501UA;757-222
N501US;757-251
N502AE;CL-600-2C10
N502MJ;CL-600-2C10
N502SW;737-5H4
N502UA;757-222
N502US;757-251
N503AE;CL-600-2C10
N503JB;A320-232
N503MJ;CL-600-2C10
N503SW;737-5H4
N503UA;757-222
N503US;757-251
N504AE;CL-600-2C10
N504AU;737-3B7
N504JB;A320-232
N504MJ;CL-600-2C10
N504SW;737-5H4
N504UA;757-222
N504US;757-251
N505AA;DC-9-82(MD-82)
N505AE;CL-600-2C10
N505AU;737-3B7
N505JB;A320-232
N505MJ;CL-600-2C10
N505SW;737-5H4
N505UA;757-222
N505US;757-251
N506AE;CL-600-2C10
N506AU;737-3B7
N506CA;CL-600-2B19
N506JB;A320-232
N506MJ;CL-600-2C10
N506SW;737-5H4
N506UA;757-222
N506US;757-251
N507AA;FALCON-XP
N507AE;CL-600-2C10
N507CA;CL-600-2B19
N507MJ;CL-600-2C10
N507SW;737-5H4
N507UA;757-222
N507US;757-251
N508AA;206B
N508AE;CL-600-2C10
N508MJ;CL-600-2C10
N508SW;737-5H4
N508UA;757-222
N508US;757-251
N509AA;FALCON-XP
N509AE;CL-600-2C10
N509JB;A320-232
N509MJ;CL-600-2C10
N509SW;737-5H4
N509UA;757-222
N509US;757-251
N510AA;T210N
N510AE;CL-600-2C10
N510CA;CL-600-2B19
N510JB;A320-232
N510MJ;CL-600-2C10
N510SW;737-5H4
N510UA;757-222
N511AE;CL-600-2C10
N511AU;737-3B7
N511MJ;CL-600-2C10
N511SW;737-5H4
N511UA;757-222
N511US;757-251
N512AE;CL-600-2C10
N512AU;737-3B7
N512MJ;CL-600-2C10
N512SW;737-5H4
N512UA;757-222
N512US;757-251
N513AA;DC-9-82(MD-82)
N513AE;CL-600-2C10
N513MJ;CL-600-2C10
N513SW;737-5H4
N513UA;757-222
N513US;757-251
N514AE;CL-600-2C10
N514CA;CL-600-2B19
N514MJ;CL-600-2C10
N514SW;737-5H4
N514UA;757-222
N514US;757-251
N515AE;CL-600-2C10
N515MJ;CL-600-2C10
N515SW;737-5H4
N515UA;757-222
N515US;757-251
N516AE;CL-600-2C10
N516AU;737-3B7
N516JB;A320-232
N516LR;CL-600-2C10
N516UA;757-222
N516US;757-251
N517AE;CL-600-2C10
N517AU;737-3B7
N517JB;A320-232
N517UA;757-222
N517US;757-251
N518AE;CL-600-2C10
N518AU;737-3B7
N518CA;CL-600-2B19
N518LR;CL-600-2C10
N518UA;757-222
N518US;757-251
N519AA;550
N519AE;CL-600-2C10
N519JB;A320-232
N519LR;CL-600-2C10
N519SW;737-5H4
N519UA;757-222
N519US;757-251
N520DC;CL-600-2C10
N520JB;A320-232
N520SW;737-5H4
N520UA;757-222
N520US;757-251
N521AE;CL-600-2C10
N521JB;A320-232
N521LR;CL-600-2C10
N521SW;737-5H4
N521UA;757-222
N521US;757-251
N522AE;CL-600-2C10
N522LR;CL-600-2C10
N522SW;737-5H4
N522UA;757-222
N522US;757-251
N523AA;60
N523AE;CL-600-2C10
N523CA;CL-600-2B19
N523JB;A320-232
N523SW;737-5H4
N523UA;757-222
N523US;757-251
N524AE;CL-600-2C10
N524JB;A320-232
N524SW;737-5H4
N524UA;757-222
N525AA;PA-31-350
N525SW;737-5H4
N525UA;757-222
N525US;757-251
N52616;737-524
N526AU;737-3B7
N526CA;CL-600-2B19
N526SW;737-5H4
N526UA;757-222
N526US;757-251
N527AU;737-3B7
N527SW;737-5H4
N527UA;757-222
N527US;757-251
N528CA;CL-600-2B19
N528JB;A320-232
N528SW;737-5H4
N528UA;757-222
N528US;757-251
N529AU;737-3B7
N529JB;A320-232
N529UA;757-222
N529US;757-251
N530AU;737-3B7
N530UA;757-222
N530US;757-251
N531AU;737-3B7
N531UA;757-222
N531US;757-251
N532AU;737-3B7
N532UA;757-222
N532US;757-251
N533AU;737-3B7
N533UA;757-222
N533US;757-251
N534JB;A320-232
N534UA;757-222
N534US;757-251
N535JB;A320-232
N535UA;757-222
N535US;757-251
N536JB;A320-232
N536UA;757-222
N536US;757-251
N537UA;757-222
N537US;757-251
N538CA;CL600-2D24
N538UA;757-222
N538US;757-251
N539UA;757-222
N540UA;757-222
N541AA;C90
N541UA;757-222
N54241;737-824
N542UA;757-222
N544AA;VANS AIRCRAFT RV6
N544UA;757-222
N544US;757-251
N545AA;PA-32R-300
N545UA;757-222
N545US;757-251
N546AS;737-890
N546JB;A320-232
N546UA;757-222
N546US;757-251
N54711;737-724
N547AA;FALCON XP
N547JB;A320-232
N547UA;757-222
N547US;757-251
N548AS;737-890
N548CA;CL600-2D24
N548JB;A320-232
N548UA;757-222
N548US;757-251
N549AS;737-8FH
N549CA;CL600-2D24
N549UA;757-222
N549US;757-251
N550AA;HST-550
N550JB;A320-232
N550UA;757-222
N550WN;737-76Q
N551AA;FALCON XP
N551AS;737-890
N551NW;757-251
N551UA;757-222
N551WN;737-76Q
N552AA;DC-9-82(MD-82)
N552AS;737-890
N552JB;A320-232
N552NW;757-251
N552UA;757-222
N553AA;DC-9-82(MD-82)
N553AS;737-890
N553NW;757-251
N553UA;757-222
N554AA;DC-9-82(MD-82)
N554CA;CL600-2D24
N554JB;A320-232
N554NW;757-251
N554UA;757-222
N555NW;757-251
N555UA;757-222
N556AA;DC-9-82(MD-82)
N556AS;737-890
N556JB;A320-232
N556NW;757-251
N556UA;757-222
N557AA;KITFOX IV
N557AS;737-890
N557NW;757-251
N557UA;757-222
N558AA;DC-9-82(MD-82)
N558AS;737-890
N558JB;A320-232
N558UA;757-222
N559AA;DC-9-82(MD-82)
N559AS;737-890
N559JB;A320-232
N559UA;757-222
N560AS;737-890
N560SW;EMB-120ER
N560UA;757-222
N561AA;DC-9-82(MD-82)
N561JB;A320-232
N561SW;EMB-120
N561UA;757-222
N562AA;DC-9-83(MD-83)
N562AS;737-890
N562JB;A320-232
N562SW;EMB-120
N562UA;757-222
N563AA;DC-9-83(MD-83)
N563AS;737-890
N563JB;A320-232
N563SW;EMB-120
N563UA;757-222
N564AA;DC-9-83(MD-83)
N564AS;737-890
N564JB;A320-232
N564SW;EMB-120
N564UA;757-222
N565AA;DC-9-83(MD-83)
N565AS;737-890
N565JB;A320-232
N565SW;EMB-120
N565UA;757-222
N566AA;DC-9-83(MD-83)
N566AS;737-890
N566JB;A320-232
N566SW;EMB-120ER
N566UA;757-222
N567AA;OTTER DHC-3
N567SW;EMB-120ER
N567UA;757-222
N56859;757-324
N568AA;DC-9-83(MD-83)
N568AS;737-890
N568JB;A320-232
N568SW;EMB-120ER
N568UA;757-222
N569AA;DC-9-83(MD-83)
N569AS;737-890
N569JB;A320-232
N569SW;EMB-120ER
N569UA;757-222
N570AA;DC-9-83(MD-83)
N570AS;737-890
N570JB;A320-232
N570ML;CL-600-2B19
N570UA;757-222
N57111;757-224
N571AA;DC-9-83(MD-83)
N571JB;A320-232
N571ML;CL-600-2B19
N571UA;757-222
N572AA;DC-9-83(MD-83)
N572UA;757-222
N573AA;DC-9-82(MD-82)
N573UA;757-222
N574AA;DC-9-82(MD-82)
N574UA;757-222
N574US;737-301
N575AA;210-5(205)
N575UA;757-222
N576AA;DC-9-82(MD-82)
N576SW;EMB-120ER
N576UA;757-222
N577AA;DC-9-82(MD-82)
N577AS;737-890
N577UA;757-222
N57852;757-324
N57855;757-324
N57857;757-324
N57863;757-33N
N57864;757-33N
N57868;757-33N
N57869;757-33N
N578AA;DC-9-82(MD-82)
N578SW;EMB-120ER
N578UA;757-222
N579AA;DC-9-82(MD-82)
N579AS;737-890
N579JB;A320-232
N579SW;EMB-120ER
N579UA;757-222
N580AA;DC-9-82(MD-82)
N580HA;767-33A
N580JB;A320-232
N580SW;EMB-120ER
N580UA;757-222
N58101;757-224
N581AA;DC-9-82(MD-82)
N581AS;737-890
N581HA;767-33A
N581JB;A320-232
N581NW;757-351
N581SW;EMB-120ER
N581UA;757-222
N582AA;DC-9-82(MD-82)
N582CA;CL600-2D24
N582HA;767-33A
N582JB;A320-232
N582NW;757-351
N582SW;EMB-120ER
N582UA;757-222
N583AA;DC-9-82(MD-82)
N583AS;737-890
N583HA;767-33A
N583JB;A320-232
N583NW;757-351
N583SW;EMB-120ER
N583UA;757-222
N584AA;DC-9-82(MD-82)
N584AS;737-890
N584HA;767-3G5
N584NW;757-351
N584SW;EMB-120ER
N584UA;757-222
N585AA;DC-9-82(MD-82)
N585AS;737-890
N585HA;767-3G5
N585JB;A320-232
N585NW;757-351
N585SW;EMB-120ER
N585UA;757-222
N58606;737-524
N586AA;DC-9-82(MD-82)
N586AS;737-890
N586HA;767-3G5
N586JB;A320-232
N586NW;757-351
N586SW;EMB-120ER
N586UA;757-222
N587AA;DC-9-82(MD-82)
N587AS;737-890
N587HA;767-33A
N587JB;A320-232
N587NW;757-351
N587SW;CL-600-2B19
N587UA;757-222
N588AA;DC-9-83(MD-83)
N588AS;737-890
N588HA;767-3CB
N588JB;A320-232
N588NW;757-351
N588SW;CL-600-2B19
N588UA;757-222
N588US;737-301
N589AA;DC-9-83(MD-83)
N589AS;737-890
N589HA;767-33A
N589JB;A320-232
N589NW;757-351
N589SW;CL-600-2B19
N589UA;757-222
N589US;737-301
N59053;767-424ER
N590AA;DC-9-83(MD-83)
N590AS;737-890
N590HA;767-3CB
N590JB;A320-232
N590NW;757-351
N590SW;CL-600-2B19
N590UA;757-222
N590US;737-301
N591AA;DC-9-83(MD-83)
N591HA;767-33A
N591JB;A320-232
N591NW;757-351
N591SW;CL-600-2B19
N591US;737-301
N592AA;DC-9-83(MD-83)
N592AS;737-890
N592HA;767-3CB
N592JB;A320-232
N592NW;757-351
N592UA;757-222
N59302;737-3TO
N59338;737-3TO
N593AA;DC-9-83(MD-83)
N593AS;737-890
N593HA;767-33A
N593JB;A320-232
N593NW;757-351
N593UA;757-222
N594AA;DC-9-83(MD-83)
N594AS;737-890
N594HA;767-332
N594JB;A320-232
N594NW;757-351
N594SW;CL-600-2B19
N594UA;757-222
N595AA;DC-9-83(MD-83)
N595JB;A320-232
N595NW;757-351
N595SW;CL-600-2B19
N595UA;757-222
N59630;737-524
N596AA;DC-9-83(MD-83)
N596AS;737-890
N596HA;767-332
N596NW;757-351
N596UA;757-222
N597AA;DC-9-83(MD-83)
N597HA;767-332
N597JB;A320-232
N597SW;CL-600-2B19
N597UA;757-222
N598AA;DC-9-83(MD-83)
N598HA;767-332
N598JB;A320-232
N598UA;757-222
N599AA;DC-9-83(MD-83)
N599JB;A320-232
N600TR;DC-9-51
N600WN;737-3H4
N601AW;A320-232
N601DL;757-232
N601WN;737-3H4
N602AW;A320-232
N602DL;757-232
N602NW;DC-9-32
N602SW;737-3H4
N603AT;717-200
N603AW;A320-232
N603DL;757-232
N603JB;A320-232
N603SK;CL-600-2C10
N603SW;737-3H4
N604AT;717-200
N604AW;A320-232
N604DL;757-232
N604SK;CL-600-2C10
N604SW;737-3H4
N605AW;A320-232
N605DL;757-232
N605JB;A320-232
N605SW;737-3H4
N606DL;757-232
N606JB;A320-232
N606NW;DC-9-32
N606SK;CL-600-2C10
N606SW;737-3H4
N607AS;737-790
N607DL;757-232
N607JB;A320-232
N607SK;CL-600-2C10
N607SW;737-3H4
N608DA;757-232
N608JB;A320-232
N608NW;DC-9-32
N608SK;CL-600-2C10
N608SW;737-3H4
N609AS;737-790
N609DL;757-232
N609SK;CL-600-2C10
N609SW;737-3H4
N610AA;757-223
N610AE;EMB-145
N610DL;757-232
N610NW;DC-9-32
N610WN;737-3H4
N611AA;F85P-1
N611AE;EMB-145
N611AS;737-790
N611DL;757-232
N611SK;CL-600-2C10
N611SW;737-3H4
N612AA;757-223
N612AE;EMB-145
N612AS;737-790
N612DL;757-232
N612JB;A320-232
N612SW;737-3H4
N61304;737-3TO
N613AA;757-223
N613AE;EMB-145
N613AS;737-790
N613DL;757-232
N613JB;A320-232
N613NW;DC-9-32
N613SK;CL-600-2C10
N613SW;737-3H4
N614AA;757-223
N614AE;EMB-145LR
N614AS;737-790
N614DL;757-232
N614SK;CL-600-2C10
N614SW;737-3H4
N615AA;65-A90
N615AE;EMB-145LR
N615AS;737-790
N615DL;757-232
N615JB;A320-232
N615SW;737-3H4
N616AA;757-223
N616AE;EMB-145LR
N616DL;757-232
N616SW;737-3H4
N617AE;EMB-145LR
N617AS;737-790
N617DL;757-232
N617SW;737-3H4
N618AA;757-223
N618AE;EMB-145LR
N618AS;737-790
N618DL;757-232
N618JB;A320-232
N618WN;737-3H4
N619AA;757-223
N619AE;EMB-145LR
N619AS;737-790
N619AW;A320-232
N619DL;757-232
N619SW;737-3H4
N620AA;757-223
N620AE;EMB-145LR
N620AW;A320-231
N620SW;737-3H4
N621AA;172M
N621AE;EMB-145LR
N621AW;A320-231
N621DL;757-232
N621JB;A320-232
N621SW;737-3H4
N622AA;757-223
N622AE;EMB-145LR
N622AS;737-790
N622AW;A320-231
N622DL;757-232
N622SW;737-3H4
N623AA;757-223
N623AE;EMB-145LR
N623AS;737-790
N623DL;757-232
N623JB;A320-232
N623SW;737-3H4
N624AA;757-223
N624AE;EMB-145LR
N624AS;737-790
N624AW;A320-231
N624DL;757-232
N624JB;A320-232
N624SW;737-3H4
N625AA;757-223
N625AE;EMB-145LR
N625AS;737-790
N625AW;A320-231
N625CA;CL-600-2C10
N625DL;757-232
N625JB;A320-232
N625SW;737-3H4
N62631;737-524
N626AA;757-223
N626AE;EMB-145LR
N626AS;737-790
N626AW;A320-231
N626DL;757-232
N626SW;737-3H4
N627AA;757-223
N627AE;EMB-145LR
N627AS;737-790
N627AW;A320-231
N627DL;757-232
N627JB;A320-232
N627SW;737-3H4
N628AA;757-223
N628AE;EMB-145LR
N628AW;A320-231
N628DL;757-232
N628SW;737-3H4
N629AA;757-223
N629AE;EMB-145LR
N629AW;A320-231
N629BR;CL-600-2B19
N629DL;757-232
N629JB;A320-232
N629SW;737-3H4
N630AA;757-223
N630AE;EMB-145LR
N630AS;ATR-72-212
N630DL;757-232
N630JB;A320-232
N630WN;737-3H4
N631AA;757-223
N631AE;EMB-145LR
N631AS;ATR-72-212
N631AW;A320-231
N631DL;757-232
N631SW;737-3H4
N632AA;757-223
N632AE;EMB-145LR
N632AS;ATR 72-212
N632AW;A320-231
N632DL;757-232
N632JB;A320-232
N632SW;737-3H4
N63305;737-3TO
N633AA;757-223
N633AE;EMB-145LR
N633AS;ATR 72-212
N633AW;A320-231
N633DL;757-232
N633JB;A320-232
N633SW;737-3H4
N634AA;757-223
N634AE;EMB-145LR
N634AS;ATR 72-212
N634AW;A320-231
N634DL;757-232
N634JB;A320-232
N634SW;737-3H4
N635AA;757-223
N635AE;EMB-145LR
N635AS;ATR 72-212
N635DL;757-232
N635JB;A320-232
N635SW;737-3H4
N636AE;EMB-145LR
N636AS;ATR 72-212
N636AW;A320-231
N636DL;757-232
N636JB;A320-232
N636WN;737-3H4
N637AA;FALCON-XP
N637AE;EMB-145LR
N637AS;ATR 72-212
N637AW;A320-231
N637DL;757-232
N637JB;A320-232
N637SW;737-3H4
N638AA;757-223
N638AE;EMB-145LR
N638DL;757-232
N638JB;A320-232
N638SW;737-3H4
N639AA;757-223
N639AE;EMB-145LR
N639DL;757-232
N639JB;A320-232
N639SW;737-3H4
N640AE;EMB-145LR
N640AS;ATR-72-212
N640AW;A320-232
N640DL;757-232
N640JB;A320-232
N640SW;737-3H4
N641AA;757-223
N641AE;EMB-145LR
N641AS;ATR-72-212
N641CA;CL-600-2C10
N641DL;757-232
N641JB;A320-232
N641SW;737-3H4
N641UA;767-322
N642AA;757-223
N642AE;EMB-145LR
N642AS;ATR-72-212
N642AW;A320-232
N642CA;CL-600-2C10
N642DL;757-232
N642UA;767-322
N642WN;737-3H4
N643AA;757-223
N643AE;EMB-145LR
N643AS;ATR-72-212
N643DL;757-232
N643JB;A320-232
N643SW;737-3H4
N643UA;767-322
N644AE;EMB-145LR
N644AS;737-790
N644AW;A320-231
N644DL;757-232
N644JB;A320-232
N644SW;737-3H4
N644UA;767-322
N645AE;EMB-145LR
N645DL;757-232
N645JB;A320-232
N645SW;737-3H4
N646AE;EMB-145LR
N646BR;CL-600-2B19
N646DL;757-232
N646JB;A320-232
N646SW;737-3H4
N646UA;767-322
N647AE;EMB-145LR
N647AS;737-790
N647AW;A320-232
N647DL;757-232
N647SW;737-3H4
N647UA;767-322
N648AE;EMB-145LR
N648AW;A320-232
N648DL;757-232
N648JB;A320-232
N648SW;737-3H4
N648UA;767-322
N649AS;737-790
N649AW;A320-232
N649BR;CL-600-2B19
N649DL;757-232
N649JB;A320-232
N649PP;EMB-145LR
N649SW;737-3H4
N649UA;767-322
N650AE;EMB-145LR
N650AW;A320-232
N650DL;757-232
N650ML;CL-600-2B19
N650SW;737-3H4
N651AE;EMB-145LR
N651AW;A320-232
N651BR;CL-600-2B19
N651DL;757-232
N651JB;A320-232
N651ML;CL-600-2B19
N651SW;737-3H4
N651UA;767-322
N652AW;A320-232
N652DL;757-232
N652JB;A320-232
N652RS;EMB-145LR
N652SW;737-3H4
N652UA;767-322
N653AE;EMB-145LR
N653AW;A320-232
N653CA;CL-600-2C10
N653DL;757-232
N653JB;A320-232
N653SW;737-3H4
N653UA;767-322
N654AE;EMB-145LR
N654AW;A320-232
N654BR;CL-600-2B19
N654DL;757-232
N654SW;737-3H4
N654UA;767-322
N655AE;EMB-145LR
N655AW;A320-232
N655BR;CL-600-2B19
N655CA;CL-600-2C10
N655DL;757-232
N655JB;A320-232
N655UA;767-322
N655WN;737-3H4
N656AE;EMB-145LR
N656AW;A320-232
N656CA;CL-600-2C10
N656DL;757-232
N656JB;A320-232
N656SW;737-3H4
N656UA;767-322
N657AE;EMB-145LR
N657AW;A320-232
N657DL;757-232
N657JB;A320-232
N657SW;737-3L9
N657UA;767-322
N658AE;EMB-145LR
N658AW;A320-232
N658CA;CL-600-2C10
N658DL;757-232
N658JB;A320-232
N658SW;737-3L9
N658UA;767-322
N659AE;EMB-145LR
N659AW;A320-232
N659BR;CL-600-2B19
N659CA;CL-600-2C10
N659DL;757-232
N659JB;A320-232
N659SW;737-301
N659UA;767-322
N66051;767-424ER
N66056;767-424ER
N66057;767-424ER
N660AW;A320-232
N660CL;EMB-145LR
N660DL;757-232
N660SW;737-301
N660UA;767-322
N661AW;A320-232
N661DN;757-232
N661JA;EMB-145LR
N661JB;A320-232
N661SW;737-317
N661UA;767-322
N662AW;A320-232
N662DN;757-232
N662EH;EMB-145LR
N662JB;A320-232
N662SW;737-3Q8
N662UA;767-322
N663AR;EMB-145LR
N663AW;A320-232
N663DN;757-232
N663JB;A320-232
N663SW;737-3Q8
N663UA;767-322
N664AW;A320-232
N664DN;757-232
N664MS;EMB-145LR
N664UA;767-322
N664WN;737-3Y0
N665AW;A320-232
N665BC;EMB-145LR
N665DN;757-232
N665JB;A320-232
N665UA;767-322
N665WN;737-3Y0
N666DN;757-232
N666UA;767-322
N667AW;A320-232
N667DN;757-232
N667GB;EMB-145LR
N667SW;737-3T5
N667UA;767-322
N668AW;A320-232
N668CA;CL-600-2C10
N668DN;757-232
N668HH;EMB-145LR
N668UA;767-322
N669AW;A320-232
N669CA;CL-600-2C10
N669DN;757-232
N669MB;EMB-145LR
N669SW;737-3A4
N669UA;767-322
N6700;757-232
N6701;757-232
N6702;757-232
N6703D;757-232
N6704Z;757-232
N67052;767-424ER
N67058;767-424ER
N6705Y;757-232
N6706Q;757-232
N6707A;757-232
N6708D;757-232
N6709;757-232
N670AE;EMB-145LR
N670DN;757-232
N670MC;DC-9-51
N670SW;737-3G7
N670UA;767-322
N6710E;757-232
N6711M;757-232
N6712B;757-232
N67134;757-224
N6713Y;757-232
N6714Q;757-232
N67157;767-224
N67158;767-224
N6715C;757-232
N6716C;757-232
N67171;757-232
N671AE;EMB-145LR
N671DN;757-232
N671MC;DC-9-51
N671SW;737-3G7
N671UA;767-322
N672AE;EMB-145LR
N672AW;A320-232
N672DL;757-232
N672SW;737-3Q8
N672UA;767-322
N673AA;737-3A4
N673AE;EMB-145LR
N673AW;A320-232
N673DL;757-232
N673UA;767-322
N674AA;737-3A4
N674AW;A320-232
N674DL;757-232
N674RJ;EMB-145LR
N674UA;767-322
N675AA;737-3A4
N675AE;EMB-145LR
N675AW;A320-232
N675BR;CL-600-2B19
N675DL;757-232
N675MC;DC-9-51
N675UA;767-322
N676AE;EMB-145LR
N676AW;A320-232
N676CA;CL600-2D24
N676DL;757-232
N676MC;DC-9-51
N676SW;737-3A4
N676UA;767-322
N677AA;737-3A4
N677AE;EMB-145LR
N677AW;A320-232
N677DL;757-232
N677MC;DC-9-51
N677UA;767-322
N678AA;737-3A4
N678AE;EMB-145LR
N678AW;A320-232
N678CA;CL600-2D24
N678DL;757-232
N679AA;737-3A4
N679AE;EMB-145LR
N679AW;A320-232
N679CA;CL600-2D24
N679DA;757-232
N68061;767-424ER
N680AA;737-3A4
N680AE;EMB-145LR
N680AW;A320-232
N680BR;CL-600-2B19
N680DA;757-232
N68155;767-224
N68159;767-224
N68160;767-224
N681AE;EMB-145LR
N681BR;CL-600-2B19
N681DA;757-232
N682AE;EMB-145LR
N682BR;CL-600-2B19
N682DA;757-232
N682SW;737-3Y0
N683AE;EMB-145LR
N683BR;CL-600-2B19
N683DA;757-232
N683SW;737-3G7
N684BR;CL-600-2B19
N684DA;757-232
N684JW;EMB-145LR
N684WN;737-3TO
N685AE;EMB-145LR
N685BR;CL-600-2B19
N685DA;757-232
N685SW;737-3Q8
N686AE;EMB-145LR
N686BR;CL-600-2B19
N686DA;757-232
N686SW;737-317
N687DL;757-232
N687JS;EMB-145LR
N687SW;737-3Q8
N688AE;EMB-145LR
N688DL;757-232
N688SW;737-3Q8
N689CA;CL600-2D24
N689DL;757-232
N689EC;EMB-145LR
N689SW;737-3Q8
N69059;767-424ER
N69063;767-424ER
N690AE;EMB-145LR
N690CA;CL-600-2C10
N690DL;757-232
N690SW;737-3G7
N69154;767-224
N691AE;EMB-145LR
N691CA;CL600-2D24
N691WN;737-3G7
N692AE;EMB-145LR
N692CA;CL600-2D24
N692DL;757-232
N692SW;737-3T5
N69311;737-3TO
N69333;737-3TO
N69348;737-3TO
N69351;737-3TO
N693AE;EMB-145LR
N693BR;CL-600-2B19
N693CA;CL600-2D24
N693DL;757-232
N693SW;737-317
N694AE;EMB-145LR
N694SW;737-3T5
N695AE;EMB-145LR
N695CA;CL600-2D24
N695SW;737-3Q8
N69602;737-524
N69603;737-524
N696AE;EMB-145LR
N696DA;DA 20-A1
N697AB;EMB-145LR
N697DL;757-232
N697SW;737-3TO
N698BR;CL-600-2B19
N698CB;EMB-145LR
N698DL;757-232
N698SW;737-317
N699AE;EMB-145LR
N699BR;CL-600-2B19
N699DL;757-232
N699SW;737-3Y0
N700GS;737-7H4
N700LE;EMB-135LR
N700UW;A319-112
N701DN;777-232LR
N701GS;737-7H4
N701MH;EMB-135LR
N701SK;CL-600-2C10
N701UW;A319-112
N702AE;EMB-135LR
N702DN;777-232LR
N702SK;CL-600-2C10
N702TW;757-2Q8
N702UW;A319-112
N70330;737-3TO
N70352;737-3TO
N70353;737-3TO
N703AS;737-490
N703JB;A320-232
N703MR;EMB-135LR
N703SK;CL-600-2C10
N703SW;737-7H4
N703TW;757-2Q8
N703UW;A319-112
N704PG;EMB-135LR
N704SW;737-7H4
N704US;A319-112
N704X;757-2Q8
N705AE;EMB-135LR
N705AS;737-490
N705JB;A320-232
N705SK;CL-600-2C10
N705SW;737-7H4
N705TW;757-231
N705UW;A319-112
N706AS;737-490
N706EV;CL-600-2C10
N706JB;A320-232
N706RG;EMB-135LR
N706SK;CL-600-2C10
N706SW;737-7H4
N706TW;757-2Q8
N707EB;EMB-135LR
N707EV;CL-600-2C10
N707SA;737-7H4
N707SK;CL-600-2C10
N707TW;757-2Q8
N708AE;EMB-135LR
N708AS;737-490
N708CA;CL-600-2B19
N708EV;CL-600-2C10
N708SA;747-2B5F
N708SK;CL-600-2C10
N708UW;A319-112
N709BR;CL-600-2B19
N709CA;CL-600-2B19
N709EV;CL-600-2C10
N709GB;EMB-135LR
N709SK;CL-600-2C10
N709SW;737-7H4
N709TW;757-2Q8
N709UW;A319-112
N710BR;CL-600-2B19
N710CA;CL-600-2B19
N710EV;CL-600-2C10
N710SK;CL-600-2C10
N710SW;737-7H4
N710TB;EMB-135LR
N710TW;757-2Q8
N710UW;A319-112
N711HK;737-7H4
N711PH;EMB-135LR
N711UW;A319-112
N711ZX;757-231
N712AE;EMB-135LR
N712CA;CL-600-2B19
N712EV;CL-600-2C10
N712SK;CL-600-2C10
N712SW;737-7H4
N712TW;757-2Q8
N712US;A319-112
N713AE;EMB-135LR
N713AS;737-490
N713CA;CL-600-2B19
N713EV;CL-600-2C10
N713SK;CL-600-2C10
N713SW;737-7H4
N713TW;757-2Q8
N713UW;A319-112
N71411;737-924
N714CB;737-7H4
N714US;A319-112
N715AE;EMB-135LR
N715SF;CL-600-2B19
N715SK;CL-600-2C10
N715SW;737-7H4
N715UW;A319-112
N716AE;EMB-135LR
N716CA;CL-600-2B19
N716EV;CL-600-2C10
N716SK;CL-600-2C10
N716SW;737-7H4
N716UW;A319-112
N717AE;EMB-135LR
N717EV;CL-600-2C10
N717JL;717-200
N717SA;737-7H4
N717TW;757-231
N717UW;A319-112
N718AE;EMB-135LR
N718EV;CL-600-2C10
N718SK;CL-600-2C10
N718SW;737-7H4
N718TW;757-231
N719AE;EMB-135LR
N719CA;CL-600-2B19
N719EV;CL-600-2C10
N719SK;CL-600-2C10
N719SW;737-7H4
N720AE;EMB-135LR
N720EV;CL-600-2C10
N720SW;CL-600-2B19
N720WN;737-7H4
N721CA;CL-600-2B19
N721HS;EMB-135LR
N721TW;757-231
N721UW;A319-112
N722AE;EMB-135LR
N722EV;CL-600-2C10
N722TW;757-231
N722US;A319-112
N723AE;EMB-135LR
N723EV;CL-600-2C10
N723SW;737-7H4
N723UW;A319-112
N72405;737-924
N724AE;EMB-135LR
N724EV;CL-600-2C10
N724SK;CL-600-2C10
N724SW;737-7H4
N724UW;A319-112
N725AE;EMB-135LR
N725SW;737-7H4
N725UW;A319-112
N7264V;CL-600-2B19
N726AE;EMB-135LR
N726SK;CL-600-2C10
N726SW;737-7H4
N727AE;EMB-135LR
N727SK;CL-600-2C10
N727SW;737-7H4
N728AE;EMB-135LR
N728SK;CL-600-2C10
N728SW;737-7H4
N7291Z;CL-600-2B19
N729AE;EMB-135LR
N729CA;CL-600-2B19
N729SW;737-7H4
N7305V;CL-600-2B19
N730EV;CL-600-2C10
N730KW;EMB-135LR
N730SK;CL-600-2C10
N730SW;737-7H4
N730US;A319-112
N73152;767-224
N731BE;EMB-135LR
N731SA;737-7H4
N73251;737-824
N73256;737-824
N73259;737-824
N73270;737-824
N73275;737-824
N73276;737-824
N73278;737-824
N73283;737-824
N73291;737-824
N73299;737-824
N732DH;EMB-135LR
N732SK;CL-600-2C10
N732SW;737-7H4
N732US;A319-112
N733KR;EMB-135LR
N733SA;737-7H4
N733UW;A319-112
N73406;737-924
N734EK;EMB-135LR
N734SA;737-7H4
N735CA;CL-600-2B19
N735SA;737-7H4
N735TS;EMB-135LR
N736DT;EMB-135LR
N736SA;737-7H4
N737JW;737-7H4
N737MW;EMB-135LR
N737US;A319-112
N738AL;737-73A
N738CB;737-7H4
N738EV;CL-600-2C10
N738NR;EMB-135LR
N738SK;CL-600-2C10
N738US;A319-112
N739AE;EMB-135LR
N739AL;737-73A
N739CA;CL-600-2B19
N739GB;737-7H4
N74007;777-224
N740AL;737-76N
N740EV;CL-600-2C10
N740SK;CL-600-2C10
N740SW;737-7H4
N740UW;A319-112
N741AL;737-76N
N741EV;CL-600-2C10
N741SA;737-7H4
N741UW;A319-112
N742AL;737-76N
N742PS;A319-112
N742SK;CL-600-2C10
N742SW;737-7H4
N743SK;CL-600-2C10
N743SW;737-7H4
N744EV;CL-600-2C10
N744P;A319-112
N744SK;CL-600-2C10
N744SW;737-7H4
N745SK;CL-600-2C10
N745SW;737-7H4
N745VJ;A319-112
N746AL;737-76N
N746SK;CL-600-2C10
N746SW;737-7H4
N746UW;A319-112
N747SA;737-7H4
N747UW;A319-112
N74856;757-324
N748AL;737-76N
N748EV;CL-600-2C10
N748SK;CL-600-2C10
N748SW;737-7H4
N748UW;A319-112
N749SW;737-7H4
N749US;A319-112
N750AT;757-212
N750EV;CL-600-2C10
N750NW;DC-9-41
N750SA;737-7H4
N750SK;CL-600-2C10
N750UW;A319-112
N751AL;737-7Q8
N751AT;757-212
N751EV;CL-600-2C10
N751NW;DC-9-41
N751SK;CL-600-2C10
N751SW;737-7H4
N751UW;A319-112
N752AT;757-212
N752EV;CL-600-2C10
N752NW;DC-9-41
N752SK;CL-600-2C10
N752SW;737-7H4
N752US;A319-112
N753EV;CL-600-2C10
N753NW;DC-9-41
N753SK;CL-600-2C10
N753SW;737-7H4
N753US;A319-112
N75410;737-924
N754AS;737-4Q8
N754EV;CL-600-2C10
N754NW;DC-9-41
N754SK;CL-600-2C10
N754SW;737-7H4
N754UW;A319-112
N755AS;737-4Q8
N755EV;CL-600-2C10
N755NW;DC-9-41
N755SA;737-7H4
N755SK;CL-600-2C10
N755US;A319-112
N756AS;737-4Q8
N756NW;DC-9-41
N756SA;737-7H4
N756SK;CL-600-2C10
N756US;A319-112
N757AT;757-212
N757LV;737-7H4
N757UW;A319-112
N75851;757-324
N75853;757-324
N75854;757-324
N75858;757-324
N75861;757-33N
N758EV;CL-600-2C10
N758NW;DC-9-41
N758SK;CL-600-2C10
N758SW;737-7H4
N758US;A319-112
N75987;CL-600-2B19
N75991;CL-600-2B19
N75992;CL-600-2B19
N75993;CL-600-2B19
N75994;CL-600-2B19
N75995;CL-600-2B19
N75996;CL-600-2B19
N75998;CL-600-2B19
N759EV;CL-600-2C10
N759GS;737-7H4
N759NW;DC-9-41
N76010;777-224
N76054;767-424ER
N76055;767-424ER
N76062;767-424ER
N76064;767-424ER
N76065;767-424ER
N760AS;737-4Q8
N760EV;CL-600-2C10
N760NC;DC-9-51
N760NW;DC-9-41
N760SK;CL-600-2C10
N760SW;737-7H4
N760US;A319-112
N76151;767-224
N76153;767-224
N76156;767-224
N761NC;DC-9-51
N761RR;737-7H4
N76254;737-824
N76265;737-824
N76269;737-824
N76288;737-824
N762AS;737-4Q8
N762NC;DC-9-51
N762NW;DC-9-41
N762SK;CL-600-2C10
N762SW;737-7H4
N762US;A319-112
N76354;737-3TO
N76355;737-3TO
N763AS;737-4Q8
N763NW;DC-9-41
N763SK;CL-600-2C10
N763SW;737-7H4
N763US;A319-112
N764AS;737-4Q8
N764NC;DC-9-51
N764SK;CL-600-2C10
N764SW;737-7H4
N764US;A319-112
N76502;737-824
N76503;737-824
N76504;737-824
N76505;737-824
N76508;737-824
N765AS;737-4Q8
N765NC;DC-9-51
N765SK;CL-600-2C10
N765SW;737-7H4
N765US;A319-112
N766NC;DC-9-51
N766SK;CL-600-2C10
N766SW;737-7H4
N766US;A319-112
N767AS;737-490
N767NC;DC-9-51
N767SK;CL-600-2C10
N767SW;737-7H4
N767UW;A319-112
N768AS;737-490
N768NC;DC-9-51
N768SK;CL-600-2C10
N768SW;737-7H4
N768UA;777-222
N768US;A319-112
N769AS;737-4Q8
N769NC;DC-9-51
N769SW;737-7H4
N769UA;777-222
N769US;A319-112
N77006;777-224
N77014;777-224
N77019;777-224
N77066;767-424ER
N770NC;DC-9-51
N770SA;737-7H4
N770SK;CL-600-2C10
N770UW;A319-112
N77181;CL-600-2B19
N77195;CL-600-2B19
N771AS;737-4Q8
N771NC;DC-9-51
N771SA;737-7H4
N771SK;CL-600-2C10
N771UA;777-222
N77258;737-824
N77260;CL-600-2B19
N77261;737-824
N77278;CL-600-2B19
N77286;CL-600-2B19
N77295;737-824
N77296;737-824
N772AS;737-4Q8
N772NC;DC-9-51
N772SK;CL-600-2C10
N772SW;737-7H4
N772UA;777-222
N77302;CL-600-2B19
N77303;737-3TO
N77331;CL-600-2B19
N773AS;737-4Q8
N773NC;DC-9-51
N773SA;737-7H4
N773SK;CL-600-2C10
N773UA;777-222
N774AS;737-4Q8
N774NC;DC-9-51
N774SK;CL-600-2C10
N774SW;737-7H4
N774UA;777-222
N77510;737-824
N775AS;737-4Q8
N775NC;DC-9-51
N775SW;737-7H4
N775UA;777-222
N776AS;737-4Q8
N776NC;DC-9-51
N776SK;CL-600-2C10
N776UA;777-222
N776WN;737-7H4
N777NC;DC-9-51
N777QC;737-7H4
N777UA;777-222
N77865;757-33N
N77867;757-33N
N778AS;737-4Q8
N778NC;DC-9-51
N778SK;CL-600-2C10
N778SW;737-7H4
N778UA;777-222
N779AS;737-4Q8
N779CA;CL-600-2B19
N779NC;DC-9-51
N779SW;737-7H4
N779UA;777-222
N78003;777-224
N78004;777-224
N78009;777-224
N78017;777-224
N78060;767-424ER
N780AS;737-4Q8
N780NC;DC-9-51
N780SW;737-7H4
N780UA;777-222
N781CA;CL-600-2B19
N781NC;DC-9-51
N781UA;777-222
N781WN;737-7H4
N78285;737-824
N782AS;737-4Q8
N782NC;DC-9-51
N782SA;737-7H4
N782UA;777-222
N783AS;737-4Q8
N783CA;CL-600-2B19
N783NC;DC-9-51
N783SW;737-7H4
N783UA;777-222
N784AS;737-4Q8
N784CA;CL-600-2B19
N784NC;DC-9-51
N784SW;737-7H4
N784UA;777-222
N78501;737-824
N78506;737-824
N78509;737-824
N785AS;737-4Q8
N785CA;CL-600-2B19
N785NC;DC-9-51
N785SW;737-7H4
N785UA;777-222
N786AS;737-4S3
N786CA;CL-600-2B19
N786NC;DC-9-51
N786SW;737-7H4
N786UA;777-222
N787NC;DC-9-51
N787SA;737-7H4
N787UA;777-222
N78866;757-33N
N788AS;737-490
N788SA;737-7H4
N788UA;777-222
N789SW;737-7H4
N79011;777-224
N790SW;737-7H4
N791AS;737-490
N791SW;737-7H4
N791UA;777-222
N79279;737-824
N792AS;737-490
N792SW;737-7H4
N792UA;777-222
N793AS;737-490
N793SA;737-7H4
N793UA;777-222
N79402;737-924
N794AS;737-490
N794SW;737-7H4
N794UA;777-222
N795AS;737-490
N795SW;737-7H4
N795UA;777-222
N796AS;737-490
N796CA;CL-600-2B19
N796SW;737-7H4
N796UA;777-222
N797AS;737-490
N797CA;CL-600-2B19
N797MX;737-7H4
N797UA;777-222
N798CA;CL-600-2B19
N798SW;737-7AD
N798UA;777-222
N799AS;737-490
N799SW;737-7Q8
N799UA;777-222
N800AE;EMB-135KL
N800SK;CL600-2D24
N801AE;EMB-135KL
N801AW;A319-132
N801FR;A318-111
N801NW;A330-323
N801UA;A319-131
N802AE;EMB-135KL
N802AW;A319-132
N802FR;A318-111
N802NW;A330-323
N802SK;CL600-2D24
N803AE;EMB-135KL
N803AW;A319-132
N803FR;A318-111
N803NW;A330-323
N803SK;CL600-2D24
N804AE;EMB-135KL
N804AW;A319-132
N804CA;CL-600-2B19
N804FR;A318-111
N804NW;A330-323
N804SK;CL600-2D24
N804UA;A319-131
N805AE;EMB-135KL
N805AW;A319-132
N805CA;CL-600-2B19
N805FR;A318-111
N805LR;DHC-8-102
N805NW;A330-323
N805SK;CL600-2D24
N805UA;A319-131
N806AE;EMB-135KL
N806AW;A319-132
N806CA;CL-600-2B19
N806FR;A318-111
N806NW;A330-323
N806SK;CL600-2D24
N806UA;A319-131
N807AE;EMB-135KL
N807AW;A319-132
N807CA;CL-600-2B19
N807FR;A318-111
N807NW;A330-323
N807SK;CL600-2D24
N807UA;A319-131
N808AE;EMB-135KL
N808AW;A319-132
N808FR;A318-111
N808NW;A330-323
N808UA;A319-131
N809AE;EMB-135KL
N809AW;A319-132
N809CA;CL-600-2B19
N809FR;A318-111
N809NW;A330-323
N809SK;CL600-2D24
N809UA;A319-131
N810AE;EMB-135KL
N810AL;737-2Y5
N810AW;A319-132
N810CA;CL-600-2B19
N810FR;A318-111
N810NW;A330-323
N810SK;CL600-2D24
N810UA;A319-131
N811AE;EMB-135KL
N811CA;CL-600-2B19
N811NW;A330-323
N811UA;A319-131
N812AE;EMB-135KL
N812AW;A319-132
N812CA;CL-600-2B19
N812FR;A318-111
N812NW;A330-323
N812SK;CL600-2D24
N812UA;A319-131
N813AE;EMB-135KL
N813AW;A319-132
N813NW;A330-323
N813SK;CL600-2D24
N813UA;A319-131
N814AE;EMB-135KL
N814AW;A319-132
N814CA;CL-600-2B19
N814NW;A330-323
N814SK;CL600-2D24
N814UA;A319-131
N815AE;EMB-135KL
N815AW;A319-132
N815CA;CL-600-2B19
N815NW;A330-323
N815SK;CL600-2D24
N815UA;A319-131
N816AE;EMB-135KL
N816AW;A319-132
N816NW;A330-323
N816SK;CL600-2D24
N816UA;A319-131
N817AE;EMB-135KL
N817AW;A319-132
N817NW;A330-323
N817SK;CL600-2D24
N817UA;A319-131
N818AE;EMB-135KL
N818AW;A319-132
N818CA;CL-600-2B19
N818NW;A330-323
N818UA;A319-131
N819AE;EMB-135KL
N819AW;A319-132
N819CA;CL-600-2B19
N819NW;A330-323
N819UA;A319-131
N820AE;EMB-135KL
N820AS;CL-600-2B19
N820AW;A319-132
N820NW;A330-323
N820SK;CL600-2D24
N820UA;A319-131
N821AE;EMB-135KL
N821AS;CL-600-2B19
N821AW;A319-132
N821CA;CL-600-2B19
N821NW;A330-323
N821SK;CL600-2D24
N821UA;A319-131
N822AE;EMB-135KL
N822AW;A319-132
N822UA;A319-131
N823AE;EMB-135KL
N823AL;737-230
N823AS;CL-600-2B19
N823AW;A319-132
N823UA;A319-131
N824AE;EMB-135KL
N824AL;737-282
N824AS;CL-600-2B19
N824AW;A319-132
N824UA;A319-131
N825AE;EMB-135KL
N825AS;CL-600-2B19
N825AW;A319-132
N825MH;767-432ER
N825UA;A319-131
N826AE;EMB-135KL
N826AL;737-282C
N826AS;CL-600-2B19
N826AW;A319-132
N826MH;767-432ER
N826UA;A319-131
N827AE;EMB-135KL
N827AS;CL-600-2B19
N827AW;A319-132
N827MH;767-432ER
N827UA;A319-131
N828AE;EMB-135KL
N828AL;737-236
N828AS;CL-600-2B19
N828AW;A319-132
N828MH;767-432ER
N828UA;A319-131
N829AE;EMB-135KL
N829AS;CL-600-2B19
N829AW;A319-132
N829MH;767-432ER
N829UA;A319-131
N830AE;EMB-135KL
N830AS;CL-600-2B19
N830AW;A319-132
N830MH;767-432ER
N830UA;A319-131
N831AE;EMB-135KL
N831AW;A319-132
N831MH;767-432ER
N831UA;A319-131
N832AE;EMB-135KL
N832AS;CL-600-2B19
N832AW;A319-132
N832MH;767-432ER
N832UA;A319-131
N833AE;EMB-135KL
N833AS;CL-600-2B19
N833AW;A319-132
N833MH;767-432ER
N833UA;A319-131
N834AE;EMB-135KL
N834AS;CL-600-2B19
N834AW;A319-132
N834MH;767-432ER
N834UA;A319-131
N835AE;EMB-135KL
N835AL;737-2P6
N835AS;CL-600-2B19
N835AW;A319-132
N835MH;767-432ER
N835UA;A319-131
N836AE;EMB-135KL
N836AL;737-236
N836AS;CL-600-2B19
N836AW;A319-132
N836MH;767-432ER
N836UA;A319-131
N837AE;EMB-135KL
N837AL;737-236
N837AS;CL-600-2B19
N837AW;A319-132
N837MH;767-432ER
N837UA;A319-131
N838AE;EMB-135KL
N838AS;CL-600-2B19
N838AW;A319-132
N838MH;767-432ER
N838UA;A319-131
N839AE;EMB-135KL
N839AS;CL-600-2B19
N839AW;A319-132
N839MH;767-432ER
N839UA;A319-131
N840AE;EMB-135KL
N840AS;CL-600-2B19
N840AW;A319-132
N840MH;767-432ER
N840UA;A319-131
N841AE;EMB-135KL
N841AL;737-2X6C
N841AS;CL-600-2B19
N841MH;767-432ER
N841UA;A319-131
N842AE;EMB-135KL
N842AS;CL-600-2B19
N842MH;767-432ER
N842UA;A319-131
N843AE;EMB-135KL
N843AL;737-236
N843AS;CL-600-2B19
N843MH;767-432ER
N843UA;A319-131
N844AE;EMB-135KL
N844AS;CL-600-2B19
N844MH;767-432ER
N844UA;A319-131
N845AE;EMB-135KL
N845AS;CL-600-2B19
N845MH;767-432ER
N845UA;A319-131
N846AE;EMB-135KL
N846AS;CL-600-2B19
N846UA;A319-131
N847AE;EMB-135KL
N847AS;CL-600-2B19
N847UA;A319-131
N848AE;EMB-135KL
N848AS;CL-600-2B19
N848UA;A319-131
N849AE;EMB-135KL
N849AS;CL-600-2B19
N849UA;A319-131
N850AE;EMB-135KL
N850AS;CL-600-2B19
N850UA;A319-131
N851AE;EMB-135KL
N851AS;CL-600-2B19
N851UA;A319-131
N852AE;EMB-135KL
N852AS;CL-600-2B19
N852NW;A330-223
N852UA;A319-131
N853AE;EMB-135KL
N853AS;CL-600-2B19
N853NW;A330-223
N853UA;A319-131
N854AE;EMB-135KL
N854AS;CL-600-2B19
N854NW;A330-223
N854UA;A319-131
N855AE;EMB-135KL
N855AS;CL-600-2B19
N855NW;A330-223
N855UA;A319-131
N856AE;EMB-135KL
N856AS;CL-600-2B19
N856NW;A330-223
N857AE;EMB-135KL
N857AS;CL-600-2B19
N857NW;A330-223
N858AE;EMB-135KL
N858AS;CL-600-2B19
N859AS;CL-600-2B19
N859NW;A330-223
N860AS;CL-600-2B19
N860DA;777-232
N861AS;CL-600-2B19
N861DA;777-232
N862AS;CL-600-2B19
N862DA;777-232
N863AS;CL-600-2B19
N863DA;777-232
N864AS;CL-600-2B19
N864DA;777-232
N865AS;CL-600-2B19
N865DA;777-232
N866AS;CL-600-2B19
N866DA;777-232
N867AS;CL-600-2B19
N867DA;777-232
N868AS;CL-600-2B19
N868CA;CL-600-2B19
N869AS;CL-600-2B19
N870AS;CL-600-2B19
N871AS;CL-600-2B19
N872AS;CL-600-2B19
N87353;CL-600-2B19
N873AS;CL-600-2B19
N874AS;CL-600-2B19
N87507;737-824
N875AS;CL-600-2B19
N876AS;CL-600-2B19
N877AS;CL-600-2B19
N878AS;CL-600-2B19
N879AS;CL-600-2B19
N880AS;CL-600-2B19
N881AS;CL-600-2B19
N882AS;CL-600-2B19
N883AS;CL-600-2B19
N884AS;CL-600-2B19
N885AS;CL-600-2B19
N886AS;CL-600-2B19
N889AS;CL-600-2B19
N891AT;717-200
N8920E;DC-9-31
N8921E;DC-9-31
N8923E;DC-9-31
N8925E;DC-9-31
N8926E;DC-9-31
N8928E;DC-9-31
N8929E;DC-9-31
N892AT;717-200
N8932E;DC-9-31
N8933E;DC-9-31
N8938E;DC-9-31
N893AT;717-200
N8944E;DC-9-31
N8945E;DC-9-31
N894AT;717-200
N895AT;717-200
N8960E;DC-9-31
N896AT;717-200
N8978E;DC-9-31
N8986E;DC-9-31
N899AT;717-200
N900AE;EMB-145LR
N900DE;MD-88
N900EV;CL-600-2B19
N900PC;757-26D
N900WN;737-7H4
N901AW;757-2S7
N901DA;MD-90-30
N901DE;MD-88
N901EV;CL-600-2B19
N901FR;A319-112
N901WN;737-7H4
N902AE;SAAB 340B
N902AW;757-2S7
N902BC;EMB-145LR
N902DA;MD-90-30
N902DE;MD-88
N902EV;CL-600-2B19
N902FJ;CL600-2D24
N902FR;A319-111
N902UA;737-522
N902WN;737-7H4
N903AW;757-2S7
N903DA;MD-90-30
N903DE;MD-88
N903EV;CL-600-2B19
N903FJ;CL600-2D24
N903FR;A319-112
N903SW;CL-600-2B19
N903UA;737-522
N903WN;737-7H4
N904AE;SAAB 340B
N904AW;757-2S7
N904DA;MD-90-30
N904DE;MD-88
N904DL;MD-88
N904EV;CL-600-2B19
N904FJ;CL600-2D24
N904FR;A319-111
N904UA;737-522
N904WN;737-7H4
N905AW;757-2S7
N905DA;MD-90-30
N905DE;MD-88
N905DL;MD-88
N905EV;CL-600-2B19
N905FR;A319-111
N905JH;EMB-145LR
N905SW;CL-600-2B19
N905UA;737-522
N905WN;737-7H4
N906;EXEC 162F
N906AE;EMB-145LR
N906AT;717-200
N906AW;757-2S7
N906DA;MD-90-30
N906DE;MD-88
N906DL;MD-88
N906EV;CL-600-2B19
N906FJ;CL600-2D24
N906FR;A319-111
N906SW;CL-600-2B19
N906UA;737-522
N906WN;737-7H4
N907AE;EMB-145LR
N907DA;MD-90-30
N907DE;MD-88
N907DL;MD-88
N907EV;CL-600-2B19
N907FJ;CL600-2D24
N907FR;A319-112
N907SW;CL-600-2B19
N907UA;737-522
N907WN;737-7H4
N908AE;EMB-145LR
N908AW;757-2G7
N908DA;MD-90-30
N908DE;MD-88
N908DL;MD-88
N908EV;CL-600-2B19
N908FJ;CL600-2D24
N908FR;A319-111
N908SW;CL-600-2B19
N908WN;737-7H4
N909AE;EMB-145LR
N909AW;757-2G7
N909DA;MD-90-30
N909DE;MD-88
N909DL;MD-88
N909EV;CL-600-2B19
N909FJ;CL600-2D24
N909FR;A319-111
N909SW;CL-600-2B19
N909WN;737-7H4
N910AT;717-200
N910AW;757-2G7
N910DE;MD-88
N910DL;MD-88
N910DN;MD-90-30
N910EV;CL-600-2B19
N910FJ;CL600-2D24
N910FR;A319-112
N910SW;CL-600-2B19
N910UA;737-522
N910WN;737-7H4
N911DA;MD-90-30
N911DE;MD-88
N911DL;MD-88
N911FJ;CL600-2D24
N912CA;CL-600-2B19
N912DE;MD-88
N912DL;MD-88
N912DN;MD-90-30
N912EV;CL-600-2B19
N912FJ;CL600-2D24
N912FR;A319-111
N912SW;CL-600-2B19
N912UA;737-522
N912WN;737-7H4
N913AW;757-225
N913DE;MD-88
N913DL;MD-88
N913DN;MD-90-30
N913EV;CL-600-2B19
N913FJ;CL600-2D24
N913FR;A319-112
N913SW;CL-600-2B19
N913UA;737-522
N913WN;737-7H4
N9149E;11AC
N914AW;757-225
N914CA;CL-600-2B19
N914DE;MD-88
N914DL;MD-88
N914DN;MD-90-30
N914EV;CL-600-2B19
N914FJ;CL600-2D24
N914FR;A319-111
N914UA;737-522
N914WN;737-7H4
N9159E;M-5-235C
N915AT;717-200
N915AW;757-225
N915CA;CL-600-2B19
N915DE;MD-88
N915DL;MD-88
N915DN;MD-90-30
N915EV;CL-600-2B19
N915FJ;CL600-2D24
N915FR;A319-112
N915RW;DC-9-31
N915SW;CL-600-2B19
N915WN;737-7H4
N916CA;CL-600-2B19
N916DE;MD-88
N916DL;MD-88
N916DN;MD-90-30
N916EV;CL-600-2B19
N916FJ;CL600-2D24
N916FR;A319-112
N916RW;DC-9-31
N916SW;CL-600-2B19
N916UW;757-225
N916WN;737-7H4
N9179E;M-5-235C
N917CA;CL-600-2B19
N917DE;MD-88
N917DL;MD-88
N917EV;CL-600-2B19
N917FJ;CL600-2D24
N917FR;A319-111
N917SW;CL-600-2B19
N917UW;757-225
N917WN;737-7H4
N918AE;EMB-145LR
N918CA;CL-600-2B19
N918DE;MD-88
N918DL;MD-88
N918FJ;CL600-2D24
N918FR;A319-111
N918SW;CL-600-2B19
N918UA;737-522
N918UW;757-225
N918WN;737-7H4
N919AT;717-200
N919DE;MD-88
N919DL;MD-88
N919EV;CL-600-2B19
N919FJ;CL600-2D24
N919FR;A319-111
N919SW;CL-600-2B19
N919UA;737-522
N919UW;757-225
N920AT;717-200
N920CA;CL-600-2B19
N920DE;MD-88
N920DL;MD-88
N920EV;CL-600-2B19
N920FJ;CL600-2D24
N920FR;A319-111
N920SW;CL-600-2B19
N920UW;757-225
N921AT;717-200
N921DL;MD-88
N921EV;CL-600-2B19
N921FJ;CL600-2D24
N921FR;A319-111
N921RW;DC-9-31
N921UA;737-522
N921UW;757-225
N922AE;EMB-145LR
N922AT;717-200
N922DL;MD-88
N922EV;CL-600-2B19
N922FJ;CL600-2D24
N922FR;A319-111
N922UA;737-522
N922UW;757-225
N923AE;EMB-145LR
N923AT;717-200
N923DL;MD-88
N923EV;CL-600-2B19
N923FJ;CL600-2D24
N923FR;A319-111
N923RW;DC-9-31
N923SW;CL-600-2B19
N923UA;737-522
N923UW;757-225
N924AT;717-200
N924CA;CL-600-2B19
N924DL;MD-88
N924EV;CL-600-2B19
N924FJ;CL600-2D24
N924FR;A319-111
N924RW;DC-9-31
N924SW;CL-600-2B19
N924UA;737-522
N924UW;757-225
N925AE;EMB-145LR
N925AT;717-200
N925DL;MD-88
N925EV;CL-600-2B19
N925FJ;CL600-2D24
N925FR;A319-111
N925SW;CL-600-2B19
N925UA;737-522
N925US;DC-9-32
N925UW;757-225
N926AT;717-200
N926CA;CL-600-2B19
N926DL;MD-88
N926EV;CL-600-2B19
N926FR;A319-111
N926LR;CL600-2D24
N926NW;DC-9-32
N926SW;CL-600-2B19
N927AT;717-200
N927CA;CL-600-2B19
N927DA;MD-88
N927EV;CL-600-2B19
N927FR;A319-111
N927LR;CL600-2D24
N927SW;CL-600-2B19
N927UA;737-522
N927UW;757-2B7
N928AE;EMB-145LR
N928AT;717-200
N928DL;MD-88
N928EV;CL-600-2B19
N928FR;A319-111
N928LR;CL600-2D24
N928SW;CL-600-2B19
N928UA;737-522
N929AT;717-200
N929CA;CL-600-2B19
N929DL;MD-88
N929EV;CL-600-2B19
N929FR;A319-111
N929LR;CL600-2D24
N929SW;CL-600-2B19
N929UA;737-522
N929UW;757-2B7
N930AT;717-200
N930DL;MD-88
N930EV;CL-600-2B19
N930FR;A319-111
N930LR;CL600-2D24
N930SW;CL-600-2B19
N930UA;737-522
N930UW;757-2B7
N931AE;EMB-145LR
N931CA;CL-600-2B19
N931DL;MD-88
N931EV;CL-600-2B19
N931FR;A319-111
N931LR;CL600-2D24
N932AE;EMB-145LR
N932AT;717-200
N932CA;CL-600-2B19
N932DL;MD-88
N932EV;CL-600-2B19
N932FR;A319-111
N932LR;CL600-2D24
N932SW;CL-600-2B19
N932UA;737-522
N932UW;757-2B7
N9332;DC-9-31
N9333;DC-9-31
N9338;DC-9-31
N9339;DC-9-31
N933AT;717-200
N933CA;CL-600-2B19
N933DL;MD-88
N933EV;CL-600-2B19
N933FR;A319-111
N933JN;EMB-145LR
N933LR;CL600-2D24
N933UA;737-522
N933UW;757-2B7
N9343;DC-9-31
N9346;DC-9-32
N934AT;717-200
N934DL;MD-88
N934EV;CL-600-2B19
N934FJ;CL600-2D24
N934FR;A319-111
N934SW;CL-600-2B19
N934UA;737-522
N934UW;757-2B7
N935AE;EMB-145LR
N935AT;717-200
N935DL;MD-88
N935EV;CL-600-2B19
N935FR;A319-111
N935LR;CL600-2D24
N935SW;CL-600-2B19
N935UA;737-522
N935UW;757-2B7
N936AT;717-200
N936CA;CL-600-2B19
N936DL;MD-88
N936EV;CL-600-2B19
N936FR;A319-111
N936SW;CL-600-2B19
N936UA;737-522
N936UW;757-2B7
N937AT;717-200
N937CA;CL-600-2B19
N937DL;MD-88
N937EV;CL-600-2B19
N937FR;A319-111
N937SW;CL-600-2B19
N937UA;737-522
N937UW;757-2B7
N938AT;717-200
N938CA;CL-600-2B19
N938DL;MD-88
N938FR;A319-111
N938LR;CL600-2D24
N938SW;CL-600-2B19
N938UA;737-522
N938UW;757-2B7
N939AE;EMB-145LR
N939AT;717-200
N939DL;MD-88
N939FR;A319-111
N939LR;CL600-2D24
N939SW;CL-600-2B19
N939UW;757-2B7
N940AT;717-200
N940CA;CL-600-2B19
N940DL;MD-88
N940FR;A319-111
N940N;DC-9-32
N940UW;757-2B7
N941CA;CL-600-2B19
N941DL;MD-88
N941FR;A319-112
N941LT;EMB-145LR
N941SW;CL-600-2B19
N941UA;737-522
N941UW;757-2B7
N942AT;717-200
N942DL;MD-88
N942FR;A319-111
N942LR;CL600-2D24
N942UA;737-522
N942UW;757-2B7
N943AT;717-200
N943DL;MD-88
N943FR;A319-112
N943N;DC-9-32
N943SW;CL-600-2B19
N944AS;DC-9-83(MD-83)
N944AT;717-200
N944DL;MD-88
N944FR;A319-111
N944SW;CL-600-2B19
N944UW;ERJ 190-100 IGW
N945AT;717-200
N945DL;MD-88
N945FR;A319-111
N945N;DC-9-32
N945SW;CL-600-2B19
N945UW;ERJ 190-100 IGW
N946AT;717-200
N946DL;MD-88
N946FR;A319-111
N946SW;CL-600-2B19
N946UW;ERJ 190-100 IGW
N947AT;717-200
N947DL;MD-88
N947FR;A319-111
N947SW;CL-600-2B19
N947UW;ERJ 190-100 IGW
N948AS;DC-9-83(MD-83)
N948AT;717-200
N948DL;MD-88
N948FR;A319-111
N948SW;CL-600-2B19
N948UW;ERJ 190-100 IGW
N949AT;717-200
N949DL;MD-88
N949FR;A319-111
N949UW;ERJ 190-100 IGW
N950AT;717-200
N950DL;MD-88
N950FR;A319-111
N950UW;ERJ 190-100 IGW
N951AT;717-200
N951DL;MD-88
N951SW;CL-600-2B19
N951UW;ERJ 190-100 IGW
N952AT;717-200
N952DL;MD-88
N952SW;CL-600-2B19
N952UW;ERJ 190-100 IGW
N953AT;717-200
N953DL;MD-88
N953SW;CL-600-2B19
N953UW;ERJ 190-100 IGW
N954AT;717-200
N954CA;CL-600-2B19
N954DL;MD-88
N954SW;CL-600-2B19
N954UW;ERJ 190-100 IGW
N955AT;717-200
N955DL;MD-88
N955SW;CL-600-2B19
N955UW;ERJ 190-100 IGW
N956AT;717-200
N956CA;CL-600-2B19
N956DL;MD-88
N956LR;CL600-2D24
N956SW;CL-600-2B19
N956UW;ERJ 190-100 IGW
N957AT;717-200
N957CA;CL-600-2B19
N957DL;MD-88
N957SW;CL-600-2B19
N957UW;ERJ 190-100 IGW
N958AS;DC-9-83(MD-83)
N958AT;717-200
N958CA;CL-600-2B19
N958DL;MD-88
N958SW;CL-600-2B19
N958UW;ERJ 190-100 IGW
N959AT;717-200
N959CA;CL-600-2B19
N959DL;MD-88
N959SW;CL-600-2B19
N959UW;ERJ 190-100 IGW
N960AS;DC-9-83(MD-83)
N960AT;717-200
N960CA;CL-600-2B19
N960DL;MD-88
N960SW;CL-600-2B19
N961AS;DC-9-83(MD-83)
N961AT;717-200
N961DL;MD-88
N961SW;CL-600-2B19
N962AS;DC-9-83(MD-83)
N962CA;CL-600-2B19
N962DL;MD-88
N962SW;CL-600-2B19
N963AT;717-200
N963CA;CL-600-2B19
N963DL;MD-88
N963SW;CL-600-2B19
N964AT;717-200
N964CA;CL-600-2B19
N964DL;MD-88
N964SW;CL-600-2B19
N965AT;717-200
N965CA;CL-600-2B19
N965DL;MD-88
N965SW;CL-600-2B19
N966AT;717-200
N966CA;CL-600-2B19
N966DL;MD-88
N967AT;717-200
N967CA;CL-600-2B19
N967DL;MD-88
N967N;DC-9-32
N967SW;CL-600-2B19
N968AS;DC-9-83(MD-83)
N968AT;717-200
N968DL;MD-88
N969AS;DC-9-83(MD-83)
N969AT;717-200
N969CA;CL-600-2B19
N969DL;MD-88
N969SW;CL-600-2B19
N970AT;717-200
N970DL;MD-88
N970EV;CL-600-2B19
N970SW;CL-600-2B19
N971AT;717-200
N971DL;MD-88
N971EV;CL-600-2B19
N971SW;CL-600-2B19
N972AS;DC-9-83(MD-83)
N972AT;717-200
N972CA;PA-28-180
N972DL;MD-88
N972EV;CL-600-2B19
N97325;CL-600-2B19
N973CA;CL-600-2B19
N973DL;MD-88
N973EV;CL-600-2B19
N973SW;CL-600-2B19
N974AT;717-200
N974DL;MD-88
N974EV;CL-600-2B19
N975AS;DC-9-83(MD-83)
N975AT;717-200
N975DL;MD-88
N975EV;CL-600-2B19
N975SW;CL-600-2B19
N976DL;MD-88
N976EV;CL-600-2B19
N976SW;CL-600-2B19
N977AS;DC-9-83(MD-83)
N977AT;717-200
N977DL;MD-88
N977EV;CL-600-2B19
N978AT;717-200
N978DL;MD-88
N978EV;CL-600-2B19
N978SW;CL-600-2B19
N979AS;MD 83
N979AT;717-200
N979DL;MD-88
N979EV;CL-600-2B19
N979SW;CL-600-2B19
N980AT;717-200
N980DL;MD-88
N980EV;CL-600-2B19
N980SW;CL-600-2B19
N981AT;717-200
N981DL;MD-88
N981EV;CL-600-2B19
N982AS;MD 83
N982AT;717-200
N982DL;MD-88
N982SW;CL-600-2B19
N983AT;717-200
N983CA;CL-600-2B19
N983DL;MD-88
N983SW;CL-600-2B19
N984CA;CL-600-2B19
N984DL;MD-88
N984US;DC-9-32
N985AT;717-200
N985DL;MD-88
N986AT;717-200
N986CA;CL-600-2B19
N986DL;MD-88
N986SW;CL-600-2B19
N987AT;717-200
N987DL;MD-88
N987HA;DHC-8-202
N987US;DC-9-32
N988AT;717-200
N988CA;CL-600-2B19
N988DL;MD-88
N988HA;DHC-8-202
N989AT;717-200
N989CA;CL-600-2B19
N989DL;MD-88
N989HA;DHC-8-202
N990AT;717-200
N990DL;MD-88
N991AT;717-200
N991cA;CL-600-2B19
N991DL;MD-88
N991HA;DHC-8-202
N992AT;717-200
N992DL;MD-88
N993AT;717-200
N993DL;MD-88
N994AT;717-200
N994DL;MD-88
N995AT;717-200
N995DL;MD-88
N996AT;717-200
N996DL;MD-88
N997AT;717-200
N997DL;MD-88
N998AT;717-200
N998DL;MD-88
N999CA;CL-600-2B19
N999DN;MD-88
